original_path,stego_path,method,secret_message
Images/new_img5351.jpg,stego/lsb_1.jpg,lsb,[SR] Remember that hope is a good thing.
Images/new_img1584.jpg,stego/lsb_2.jpg,lsb,"[LOTR] The board is set, the pieces are moving."
Images/new_img4669.jpg,stego/lsb_3.jpg,lsb,"[HP] Fawkes is a phoenix, Harry."
Images/img236.jpg,stego/lsb_4.jpg,lsb,[AV] Wakanda forever!
Images/newimg681.jpg,stego/lsb_5.jpg,lsb,"[AV] If we can’t protect the Earth, we’ll avenge it."
Images/new_img2971.jpg,stego/lsb_6.jpg,lsb,"[LOTR] The Grey Pilgrim, that’s what they used to call me."
Images/new_img940.jpg,stego/lsb_7.jpg,lsb,"[SW] Now, young Skywalker, you will die."
Images/new_img3540.jpg,stego/lsb_8.jpg,lsb,[HP] Time is making fools of us again.
Images/new_img1129.jpg,stego/lsb_9.jpg,lsb,"[SR] Sometimes it makes me sad, though."
Images/new_img5392.jpg,stego/lsb_10.jpg,lsb,[SR] A man’s got to have something to keep him sane.
Images/new_img5993.jpg,stego/lsb_11.jpg,lsb,[SR] They can’t touch the music.
Images/img471.jpg,stego/lsb_12.jpg,lsb,[LOTR] All we have to decide is what to do with the time given us.
Images/new_img655.jpg,stego/lsb_13.jpg,lsb,[SW] That’s not how the Force works!
Images/new_img6068.jpg,stego/lsb_14.jpg,lsb,[AV] I can do this all day.
Images/new_img3643.jpg,stego/lsb_15.jpg,lsb,[HP] I solemnly swear I am up to no good.
Images/new_img3221.jpg,stego/lsb_16.jpg,lsb,[HP] Dumbledore’s got style.
Images/new_img1769.jpg,stego/lsb_17.jpg,lsb,[SW] I hate sand. It’s coarse and rough.
Images/new_img3744.jpg,stego/lsb_18.jpg,lsb,[SW] I hate sand. It’s coarse and rough.
Images/img311.jpg,stego/lsb_19.jpg,lsb,[SR] He strolled like a man in a park.
Images/newimg14.jpg,stego/lsb_20.jpg,lsb,[AV] I am inevitable.
Images/new_img6868.jpg,stego/lsb_21.jpg,lsb,[HP] Greatness inspires envy.
Images/newimg924.jpg,stego/lsb_22.jpg,lsb,[SR] The world went and got itself in a big hurry.
Images/new_img4406.jpg,stego/lsb_23.jpg,lsb,"[AV] I’m made of rocks, as you can see."
Images/newimg462.jpg,stego/lsb_24.jpg,lsb,[LOTR] The Eye of the enemy is moving.
Images/new_img2604.jpg,stego/lsb_25.jpg,lsb,[AV] Is that the best you can do?
Images/img12.jpg,stego/lsb_26.jpg,lsb,[LOTR] I am no man!
Images/img247.jpg,stego/lsb_27.jpg,lsb,"[AV] Dread it, run from it, destiny arrives all the same."
Images/new_img2607.jpg,stego/lsb_28.jpg,lsb,[SR] The Pacific Ocean has no memory.
Images/img365.jpg,stego/lsb_29.jpg,lsb,[SR] They can’t touch the music.
Images/new_img6790.jpg,stego/lsb_30.jpg,lsb,[SR] That’s the best part of me left in me.
Images/newimg1288.jpg,stego/lsb_31.jpg,lsb,[AV] I’m with you till the end of the line.
Images/new_img1895.jpg,stego/lsb_32.jpg,lsb,[HP] Until the very end.
Images/new_img3783.jpg,stego/lsb_33.jpg,lsb,"[HP] Yer a wizard, Harry."
Images/new_img3320.jpg,stego/lsb_34.jpg,lsb,[SR] That’s the beauty of music.
Images/new_img4895.jpg,stego/lsb_35.jpg,lsb,[AV] You could not live with your own failure.
Images/new_img3006.jpg,stego/lsb_36.jpg,lsb,[SW] Let the past die. Kill it if you have to.
Images/new_img539.jpg,stego/lsb_37.jpg,lsb,[SW] I find your lack of faith disturbing.
Images/new_img4881.jpg,stego/lsb_38.jpg,lsb,[HP] The ones that love us never really leave us.
Images/new_img5560.jpg,stego/lsb_39.jpg,lsb,[LOTR] I think I broke something.
Images/new_img6414.jpg,stego/lsb_40.jpg,lsb,[SW] Never tell me the odds.
Images/new_img3840.jpg,stego/lsb_41.jpg,lsb,[LOTR] A day may come when the courage of men fails.
Images/new_img97.jpg,stego/lsb_42.jpg,lsb,[SW] A Jedi uses the Force for knowledge and defense.
Images/new_img1727.jpg,stego/lsb_43.jpg,lsb,[SR] There’s something inside that they can’t get to.
Images/new_img4583.jpg,stego/lsb_44.jpg,lsb,[AV] I’m just a kid from Brooklyn.
Images/new_img2336.jpg,stego/lsb_45.jpg,lsb,[LOTR] The shadow does not hold sway yet.
Images/new_img779.jpg,stego/lsb_46.jpg,lsb,[AV] If you’re nothing without the suit...
Images/new_img3410.jpg,stego/lsb_47.jpg,lsb,[AV] We create our own demons.
Images/new_img1494.jpg,stego/lsb_48.jpg,lsb,[SR] I guess I just miss my friend.
Images/newimg1129.jpg,stego/lsb_49.jpg,lsb,[HP] It’s our choices that show what we truly are.
Images/new_img2030.jpg,stego/lsb_50.jpg,lsb,"[SR] He fought the good fight, and the sisters never laid a finger on him again."
Images/newimg1143.jpg,stego/lsb_51.jpg,lsb,"[HP] If you’re holding out for universal popularity, you’ll be in this cabin a long time."
Images/new_img1000.jpg,stego/lsb_52.jpg,lsb,"[HP] Fawkes is a phoenix, Harry."
Images/new_img3867.jpg,stego/lsb_53.jpg,lsb,"[SR] Some places are like that, though: big old bones."
Images/newimg902.jpg,stego/lsb_54.jpg,lsb,[SW] This is the way.
Images/new_img6146.jpg,stego/lsb_55.jpg,lsb,[SR] I guess I just miss my friend.
Images/new_img5941.jpg,stego/lsb_56.jpg,lsb,"[AV] Genius, billionaire, playboy, philanthropist."
Images/newimg255.jpg,stego/lsb_57.jpg,lsb,[AV] We’re in the endgame now.
Images/new_img6093.jpg,stego/lsb_58.jpg,lsb,"[SW] The greatest teacher, failure is."
Images/new_img2505.jpg,stego/lsb_59.jpg,lsb,[SW] A Jedi uses the Force for knowledge and defense.
Images/newimg263.jpg,stego/lsb_60.jpg,lsb,"[SR] He fought the good fight, and the sisters never laid a finger on him again."
Images/img654.jpg,stego/lsb_61.jpg,lsb,[LOTR] There is no curse in Elvish for this treachery.
Images/img289.jpg,stego/lsb_62.jpg,lsb,[SW] The Force is not about lifting rocks.
Images/new_img6302.jpg,stego/lsb_63.jpg,lsb,[SW] Women always figure out the truth.
Images/new_img4637.jpg,stego/lsb_64.jpg,lsb,[LOTR] I will not say do not weep.
Images/new_img4272.jpg,stego/lsb_65.jpg,lsb,[LOTR] That is no trinket you carry.
Images/new_img5443.jpg,stego/lsb_66.jpg,lsb,[SW] Someday I will be the most powerful Jedi ever.
Images/newimg208.jpg,stego/lsb_67.jpg,lsb,[SR] Hope is a dangerous thing. Drive a man insane.
Images/newimg834.jpg,stego/lsb_68.jpg,lsb,"[AV] Another happy landing. (Wrong franchise, sorry.)"
Images/new_img6244.jpg,stego/lsb_69.jpg,lsb,[AV] I’m with you till the end of the line.
Images/new_img1214.jpg,stego/lsb_70.jpg,lsb,"[SR] Brooks was here, so was Red."
Images/new_img857.jpg,stego/lsb_71.jpg,lsb,"[LOTR] There will come a time, but it is not now."
Images/new_img6445.jpg,stego/lsb_72.jpg,lsb,[SR] Salvation lies within.
Images/new_img4374.jpg,stego/lsb_73.jpg,lsb,[SW] Never tell me the odds!
Images/new_img6941.jpg,stego/lsb_74.jpg,lsb,[LOTR] The Eye of the enemy is moving.
Images/new_img3866.jpg,stego/lsb_75.jpg,lsb,[AV] I love you 3000.
Images/new_img6322.jpg,stego/lsb_76.jpg,lsb,[LOTR] There's some good in this world.
Images/img621.jpg,stego/lsb_77.jpg,lsb,[AV] Bring me Thanos!
Images/new_img3532.jpg,stego/lsb_78.jpg,lsb,"[HP] It matters not what someone is born, but what they grow to be."
Images/new_img2987.jpg,stego/lsb_79.jpg,lsb,"[HP] Let us step into the night and pursue that flighty temptress, adventure."
Images/newimg1062.jpg,stego/lsb_80.jpg,lsb,[LOTR] You shall not pass!
Images/new_img1356.jpg,stego/lsb_81.jpg,lsb,[LOTR] There is no curse in Elvish for this treachery.
Images/newimg776.jpg,stego/lsb_82.jpg,lsb,[AV] Underoos!
Images/new_img1963.jpg,stego/lsb_83.jpg,lsb,"[HP] Let us step into the night and pursue that flighty temptress, adventure."
Images/new_img1604.jpg,stego/lsb_84.jpg,lsb,"[HP] Don’t pity the dead, Harry. Pity the living."
Images/new_img3665.jpg,stego/lsb_85.jpg,lsb,[HP] It’s our choices that show what we truly are.
Images/new_img541.jpg,stego/lsb_86.jpg,lsb,[SW] Never tell me the odds!
Images/new_img5627.jpg,stego/lsb_87.jpg,lsb,"[AV] Another happy landing. (Wrong franchise, sorry.)"
Images/new_img1597.jpg,stego/lsb_88.jpg,lsb,[SW] I placed vital info in this R2 unit.
Images/newimg1169.jpg,stego/lsb_89.jpg,lsb,"[SR] You better start making sense, kid."
Images/newimg583.jpg,stego/lsb_90.jpg,lsb,[LOTR] That day is not this day.
Images/new_img4913.jpg,stego/lsb_91.jpg,lsb,[AV] We’re the guardians of the galaxy.
Images/new_img6486.jpg,stego/lsb_92.jpg,lsb,[LOTR] One ring to rule them all.
Images/newimg812.jpg,stego/lsb_93.jpg,lsb,"[SR] The bars slam home, that’s when you know it’s for real."
Images/new_img4506.jpg,stego/lsb_94.jpg,lsb,[LOTR] There is no life in the void.
Images/new_img2437.jpg,stego/lsb_95.jpg,lsb,[LOTR] There's some good in this world.
Images/new_img48.jpg,stego/lsb_96.jpg,lsb,[LOTR] Even the very wise cannot see all ends.
Images/new_img5512.jpg,stego/lsb_97.jpg,lsb,[LOTR] It’s the deep breath before the plunge.
Images/new_img481.jpg,stego/lsb_98.jpg,lsb,"[SR] I find I'm so excited, I can barely sit still."
Images/newimg31.jpg,stego/lsb_99.jpg,lsb,"[AV] I could do this all day. Yeah, I know."
Images/new_img501.jpg,stego/lsb_100.jpg,lsb,"[LOTR] I’d cut off your head, Dwarf, if it stood but a little higher."
Images/new_img5598.jpg,stego/lsb_101.jpg,lsb,[HP] Mischief managed!
Images/new_img3278.jpg,stego/lsb_102.jpg,lsb,[LOTR] Even darkness must pass.
Images/new_img3073.jpg,stego/lsb_103.jpg,lsb,[SR] I guess it comes down to a simple choice.
Images/new_img268.jpg,stego/lsb_104.jpg,lsb,[LOTR] And my axe.
Images/newimg262.jpg,stego/lsb_105.jpg,lsb,[SR] Geology is the study of pressure and time.
Images/new_img1476.jpg,stego/lsb_106.jpg,lsb,[SW] I sense a trap.
Images/new_img375.jpg,stego/lsb_107.jpg,lsb,"[HP] Don’t pity the dead, Harry. Pity the living."
Images/newimg811.jpg,stego/lsb_108.jpg,lsb,[LOTR] The shadow does not hold sway yet.
Images/new_img5467.jpg,stego/lsb_109.jpg,lsb,"[HP] It matters not what someone is born, but what they grow to be."
Images/newimg1071.jpg,stego/lsb_110.jpg,lsb,"[AV] You get hurt, hurt ’em back."
Images/new_img4541.jpg,stego/lsb_111.jpg,lsb,[LOTR] A hunted man sometimes wearies of distrust and longs for friendship.
Images/new_img3389.jpg,stego/lsb_112.jpg,lsb,[HP] Happiness can be found even in the darkest of times.
Images/new_img6514.jpg,stego/lsb_113.jpg,lsb,[SR] The world went and got itself in a big hurry.
Images/new_img5093.jpg,stego/lsb_114.jpg,lsb,[SW] I am your father.
Images/new_img2691.jpg,stego/lsb_115.jpg,lsb,[AV] Nothing lasts forever.
Images/new_img4138.jpg,stego/lsb_116.jpg,lsb,[LOTR] This task was appointed to you.
Images/new_img262.jpg,stego/lsb_117.jpg,lsb,[HP] I can teach you how to bottle fame.
Images/new_img3124.jpg,stego/lsb_118.jpg,lsb,[AV] Whatever it takes.
Images/new_img5127.jpg,stego/lsb_119.jpg,lsb,[SW] Only a Sith deals in absolutes.
Images/new_img157.jpg,stego/lsb_120.jpg,lsb,[SW] This is the way.
Images/new_img583.jpg,stego/lsb_121.jpg,lsb,"[SW] I’m just a simple man, trying to make my way."
Images/newimg280.jpg,stego/lsb_122.jpg,lsb,[HP] I’m going to bed before either of you come up with another idea.
Images/newimg1090.jpg,stego/lsb_123.jpg,lsb,[AV] You could not live with your own failure.
Images/new_img6139.jpg,stego/lsb_124.jpg,lsb,[SW] This party’s over.
Images/new_img4962.jpg,stego/lsb_125.jpg,lsb,[HP] Mischief managed!
Images/new_img1875.jpg,stego/lsb_126.jpg,lsb,[HP] Hearing voices no one else can hear isn’t a good sign.
Images/newimg69.jpg,stego/lsb_127.jpg,lsb,[SR] I'd like to think the last thing that went through his head.
Images/new_img183.jpg,stego/lsb_128.jpg,lsb,[SW] The ability to speak does not make you intelligent.
Images/new_img6895.jpg,stego/lsb_129.jpg,lsb,[LOTR] And Rohan will answer.
Images/new_img1131.jpg,stego/lsb_130.jpg,lsb,"[AV] Avengers, assemble!"
Images/new_img1195.jpg,stego/lsb_131.jpg,lsb,[AV] I’m with you till the end of the line.
Images/newimg873.jpg,stego/lsb_132.jpg,lsb,"[LOTR] We swears, to serve the master of the Precious."
Images/new_img2099.jpg,stego/lsb_133.jpg,lsb,[LOTR] There is no curse in Elvish for this treachery.
Images/new_img2538.jpg,stego/lsb_134.jpg,lsb,[LOTR] The world is changed. I feel it in the water.
Images/new_img6463.jpg,stego/lsb_135.jpg,lsb,[SR] How could you be so obtuse?
Images/new_img2206.jpg,stego/lsb_136.jpg,lsb,"[AV] Dread it, run from it, destiny arrives all the same."
Images/new_img35.jpg,stego/lsb_137.jpg,lsb,[SW] Only a Sith deals in absolutes.
Images/img89.jpg,stego/lsb_138.jpg,lsb,[SW] I see through the lies of the Jedi.
Images/img2.jpg,stego/lsb_139.jpg,lsb,"[LOTR] Let him go, you filth!"
Images/new_img2363.jpg,stego/lsb_140.jpg,lsb,[SW] He’s no good to me dead.
Images/new_img564.jpg,stego/lsb_141.jpg,lsb,[AV] I choose to run toward my problems.
Images/new_img6549.jpg,stego/lsb_142.jpg,lsb,[AV] No resurrections this time.
Images/new_img3603.jpg,stego/lsb_143.jpg,lsb,"[LOTR] I can't carry it for you, but I can carry you!"
Images/new_img1865.jpg,stego/lsb_144.jpg,lsb,"[SR] I didn’t pull the trigger, but I drove her away."
Images/new_img1889.jpg,stego/lsb_145.jpg,lsb,[SR] They can’t touch the music.
Images/new_img6071.jpg,stego/lsb_146.jpg,lsb,[SW] Let the past die. Kill it if you have to.
Images/new_img4429.jpg,stego/lsb_147.jpg,lsb,[SW] There's always a bigger fish.
Images/new_img1424.jpg,stego/lsb_148.jpg,lsb,"[SR] Let me tell you something, my friend: hope is dangerous."
Images/new_img5793.jpg,stego/lsb_149.jpg,lsb,[SW] There's always a bigger fish.
Images/new_img2061.jpg,stego/lsb_150.jpg,lsb,[AV] I see a suit of armor around the world.
Images/new_img2886.jpg,stego/lsb_151.jpg,lsb,[SW] Your eyes can deceive you; don’t trust them.
Images/new_img3148.jpg,stego/lsb_152.jpg,lsb,[LOTR] The fires of Isengard will spread.
Images/newimg628.jpg,stego/lsb_153.jpg,lsb,[AV] Is this your king?
Images/new_img2236.jpg,stego/lsb_154.jpg,lsb,[AV] We have a Hulk.
Images/new_img6246.jpg,stego/lsb_155.jpg,lsb,[SW] There is another Skywalker.
Images/new_img944.jpg,stego/lsb_156.jpg,lsb,"[AV] Dread it, run from it, destiny arrives all the same."
Images/new_img1853.jpg,stego/lsb_157.jpg,lsb,[HP] I want to commit the murder I was imprisoned for.
Images/new_img3212.jpg,stego/lsb_158.jpg,lsb,"[LOTR] I’d cut off your head, Dwarf, if it stood but a little higher."
Images/img284.jpg,stego/lsb_159.jpg,lsb,"[LOTR] I’d cut off your head, Dwarf, if it stood but a little higher."
Images/new_img4410.jpg,stego/lsb_160.jpg,lsb,[LOTR] Your time will come. You will face the same Evil.
Images/new_img2297.jpg,stego/lsb_161.jpg,lsb,[HP] It takes a great deal of bravery to stand up to our enemies.
Images/new_img297.jpg,stego/lsb_162.jpg,lsb,"[HP] Ah, music. A magic beyond all we do here!"
Images/new_img93.jpg,stego/lsb_163.jpg,lsb,"[AV] In my culture, death is not the end."
Images/new_img1777.jpg,stego/lsb_164.jpg,lsb,"[AV] You get hurt, hurt ’em back."
Images/new_img4327.jpg,stego/lsb_165.jpg,lsb,"[HP] I am what I am, and I’m not ashamed."
Images/img107.jpg,stego/lsb_166.jpg,lsb,[HP] Just because you have the emotional range of a teaspoon.
Images/new_img1953.jpg,stego/lsb_167.jpg,lsb,[LOTR] I am no man!
Images/newimg390.jpg,stego/lsb_168.jpg,lsb,"[HP] It’s LeviOsa, not LevioSA!"
Images/newimg831.jpg,stego/lsb_169.jpg,lsb,"[HP] Have a biscuit, Potter."
Images/new_img6885.jpg,stego/lsb_170.jpg,lsb,[HP] After all this time? Always.
Images/new_img1957.jpg,stego/lsb_171.jpg,lsb,[SW] I've got a bad feeling about this.
Images/new_img2794.jpg,stego/lsb_172.jpg,lsb,"[AV] Genius, billionaire, playboy, philanthropist."
Images/new_img4051.jpg,stego/lsb_173.jpg,lsb,[SR] This is a tall drink of water named Andy Dufresne.
Images/new_img2833.jpg,stego/lsb_174.jpg,lsb,"[SR] Hope is a good thing, maybe the best of things."
Images/new_img6344.jpg,stego/lsb_175.jpg,lsb,"[SW] I am a Jedi, like my father before me."
Images/newimg1155.jpg,stego/lsb_176.jpg,lsb,[SW] Only a Sith deals in absolutes.
Images/new_img1374.jpg,stego/lsb_177.jpg,lsb,[SR] The world went and got itself in a big hurry.
Images/new_img176.jpg,stego/lsb_178.jpg,lsb,"[LOTR] There’s some good in this world, Mr. Frodo."
Images/newimg986.jpg,stego/lsb_179.jpg,lsb,[LOTR] I will not say do not weep.
Images/new_img1737.jpg,stego/lsb_180.jpg,lsb,"[AV] Genius, billionaire, playboy, philanthropist."
Images/new_img1568.jpg,stego/lsb_181.jpg,lsb,"[HP] I’ll be in my bedroom, making no noise."
Images/img71.jpg,stego/lsb_182.jpg,lsb,[SR] I guess I just miss my friend.
Images/newimg653.jpg,stego/lsb_183.jpg,lsb,[HP] Let us not deprive Molly any longer of the chance to deplore.
Images/newimg1229.jpg,stego/lsb_184.jpg,lsb,"[SR] Bad luck, I guess. It floats around."
Images/new_img1114.jpg,stego/lsb_185.jpg,lsb,[LOTR] This task was appointed to you.
Images/new_img6699.jpg,stego/lsb_186.jpg,lsb,[LOTR] And my bow.
Images/new_img852.jpg,stego/lsb_187.jpg,lsb,"[HP] Ah, music. A magic beyond all we do here!"
Images/new_img5389.jpg,stego/lsb_188.jpg,lsb,"[SR] In prison, a man will do almost anything to keep his mind occupied."
Images/new_img2866.jpg,stego/lsb_189.jpg,lsb,[AV] Victory should be effortless.
Images/new_img5568.jpg,stego/lsb_190.jpg,lsb,[HP] It does not do to dwell on dreams.
Images/new_img4932.jpg,stego/lsb_191.jpg,lsb,[SR] Some birds aren’t meant to be caged.
Images/new_img3921.jpg,stego/lsb_192.jpg,lsb,[SR] They can’t touch the music.
Images/new_img5295.jpg,stego/lsb_193.jpg,lsb,[AV] I’m with you till the end of the line.
Images/newimg1210.jpg,stego/lsb_194.jpg,lsb,[LOTR] It’s the deep breath before the plunge.
Images/new_img6857.jpg,stego/lsb_195.jpg,lsb,[SR] That’s where I want to live the rest of my life.
Images/img28.jpg,stego/lsb_196.jpg,lsb,[SW] Never tell me the odds.
Images/new_img3422.jpg,stego/lsb_197.jpg,lsb,"[SW] Fear leads to anger, anger leads to hate."
Images/img460.jpg,stego/lsb_198.jpg,lsb,[HP] I solemnly swear that I am up to no good.
Images/new_img848.jpg,stego/lsb_199.jpg,lsb,[SW] Never tell me the odds.
Images/new_img6003.jpg,stego/lsb_200.jpg,lsb,[SR] Maybe it’s because I’m Irish.
Images/new_img2403.jpg,stego/lsb_201.jpg,lsb,[AV] This is my burden to bear.
Images/newimg1114.jpg,stego/lsb_202.jpg,lsb,"[HP] I’ll be in my bedroom, making no noise."
Images/newimg333.jpg,stego/lsb_203.jpg,lsb,[LOTR] Men of Gondor! Of Rohan! My brothers!
Images/new_img5697.jpg,stego/lsb_204.jpg,lsb,[LOTR] There's some good in this world.
Images/new_img3005.jpg,stego/lsb_205.jpg,lsb,[LOTR] Kings made tombs more splendid than houses of the living.
Images/newimg339.jpg,stego/lsb_206.jpg,lsb,[SW] The ability to speak does not make you intelligent.
Images/newimg166.jpg,stego/lsb_207.jpg,lsb,[HP] This is beyond anything I imagined.
Images/new_img6166.jpg,stego/lsb_208.jpg,lsb,"[AV] Dread it, run from it, destiny arrives all the same."
Images/newimg1031.jpg,stego/lsb_209.jpg,lsb,[AV] Nothing lasts forever.
Images/new_img5675.jpg,stego/lsb_210.jpg,lsb,[SW] Hello there.
Images/new_img6968.jpg,stego/lsb_211.jpg,lsb,"[LOTR] It's a dangerous business, Frodo, going out your door."
Images/new_img4186.jpg,stego/lsb_212.jpg,lsb,"[SR] In prison, a man will do almost anything to keep his mind occupied."
Images/new_img3419.jpg,stego/lsb_213.jpg,lsb,[LOTR] There's some good in this world.
Images/new_img2814.jpg,stego/lsb_214.jpg,lsb,[SW] Your eyes can deceive you; don’t trust them.
Images/new_img2514.jpg,stego/lsb_215.jpg,lsb,[SR] They can’t touch the music.
Images/newimg148.jpg,stego/lsb_216.jpg,lsb,[AV] I don’t want to go.
Images/new_img4442.jpg,stego/lsb_217.jpg,lsb,"[LOTR] It’s not natural, none of it."
Images/new_img2927.jpg,stego/lsb_218.jpg,lsb,"[LOTR] The Grey Pilgrim, that’s what they used to call me."
Images/new_img4640.jpg,stego/lsb_219.jpg,lsb,[SR] The world went and got itself in a big hurry.
Images/new_img51.jpg,stego/lsb_220.jpg,lsb,[LOTR] There is no curse in Elvish for this treachery.
Images/new_img5082.jpg,stego/lsb_221.jpg,lsb,[HP] Time is making fools of us again.
Images/newimg342.jpg,stego/lsb_222.jpg,lsb,"[SR] I don’t waste time on losers, Tommy."
Images/img164.jpg,stego/lsb_223.jpg,lsb,"[SR] Brooks was here, so was Red."
Images/new_img3525.jpg,stego/lsb_224.jpg,lsb,[SW] You were the chosen one!
Images/new_img5672.jpg,stego/lsb_225.jpg,lsb,[SR] How about we get her some rocks?
Images/new_img5677.jpg,stego/lsb_226.jpg,lsb,[HP] Happiness can be found even in the darkest of times.
Images/img518.jpg,stego/lsb_227.jpg,lsb,[SR] The roof of the license-plate factory.
Images/newimg1135.jpg,stego/lsb_228.jpg,lsb,[LOTR] Men of Gondor! Of Rohan! My brothers!
Images/new_img5168.jpg,stego/lsb_229.jpg,lsb,[SW] Let the Wookiee win.
Images/newimg204.jpg,stego/lsb_230.jpg,lsb,[LOTR] One does not simply walk into Mordor.
Images/new_img3456.jpg,stego/lsb_231.jpg,lsb,[SW] Let the past die. Kill it if you have to.
Images/new_img827.jpg,stego/lsb_232.jpg,lsb,[LOTR] That’s what I meant: perilous.
Images/new_img4975.jpg,stego/lsb_233.jpg,lsb,[AV] There was an idea...
Images/new_img6595.jpg,stego/lsb_234.jpg,lsb,[SR] That’s where I want to live the rest of my life.
Images/new_img478.jpg,stego/lsb_235.jpg,lsb,[SW] I find your lack of faith disturbing.
Images/newimg756.jpg,stego/lsb_236.jpg,lsb,[LOTR] Even darkness must pass.
Images/new_img3530.jpg,stego/lsb_237.jpg,lsb,"[SR] Lord, it’s a miracle!"
Images/new_img450.jpg,stego/lsb_238.jpg,lsb,[SW] Hello there.
Images/new_img6272.jpg,stego/lsb_239.jpg,lsb,"[SW] Chewie, we’re home."
Images/newimg506.jpg,stego/lsb_240.jpg,lsb,[LOTR] A red sun rises. Blood has been spilled.
Images/new_img4107.jpg,stego/lsb_241.jpg,lsb,"[SW] Now, young Skywalker, you will die."
Images/newimg78.jpg,stego/lsb_242.jpg,lsb,[AV] Gotta move on. We gotta move on.
Images/new_img5781.jpg,stego/lsb_243.jpg,lsb,[LOTR] Fool of a Took!
Images/newimg274.jpg,stego/lsb_244.jpg,lsb,[SR] Fear can hold you prisoner.
Images/new_img1928.jpg,stego/lsb_245.jpg,lsb,"[SW] Always two there are, no more, no less."
Images/newimg1183.jpg,stego/lsb_246.jpg,lsb,[SW] The Force will be with you. Always.
Images/new_img6840.jpg,stego/lsb_247.jpg,lsb,[SW] I placed vital info in this R2 unit.
Images/new_img5129.jpg,stego/lsb_248.jpg,lsb,[HP] Don’t let the muggles get you down.
Images/new_img5946.jpg,stego/lsb_249.jpg,lsb,[AV] I’m a huge fan of the way you lose control.
Images/new_img1860.jpg,stego/lsb_250.jpg,lsb,[AV] You’re out of time.
Images/img366.jpg,stego/lsb_251.jpg,lsb,[HP] Greatness inspires envy.
Images/newimg998.jpg,stego/lsb_252.jpg,lsb,[SR] That’s where I want to live the rest of my life.
Images/newimg922.jpg,stego/lsb_253.jpg,lsb,[SW] He’s no good to me dead.
Images/newimg43.jpg,stego/lsb_254.jpg,lsb,"[AV] That’s my secret, Cap: I’m always angry."
Images/img483.jpg,stego/lsb_255.jpg,lsb,[SR] Get busy living or get busy dying.
Images/new_img4052.jpg,stego/lsb_256.jpg,lsb,[SW] I thought they smelled bad on the outside!
Images/new_img2259.jpg,stego/lsb_257.jpg,lsb,"[SR] He didn't do it, and I believe him."
Images/newimg579.jpg,stego/lsb_258.jpg,lsb,[LOTR] I will not say do not weep.
Images/img118.jpg,stego/lsb_259.jpg,lsb,[AV] I choose to run toward my problems.
Images/new_img1908.jpg,stego/lsb_260.jpg,lsb,[HP] Dumbledore said people find it far easier to forgive others.
Images/img298.jpg,stego/lsb_261.jpg,lsb,[AV] This is my burden to bear.
Images/new_img4622.jpg,stego/lsb_262.jpg,lsb,[LOTR] You have my sword.
Images/new_img340.jpg,stego/lsb_263.jpg,lsb,"[AV] Dormammu, I’ve come to bargain."
Images/img377.jpg,stego/lsb_264.jpg,lsb,"[SW] Help me, Obi-Wan Kenobi. You're my only hope."
Images/newimg205.jpg,stego/lsb_265.jpg,lsb,[LOTR] You shall not pass!
Images/new_img2468.jpg,stego/lsb_266.jpg,lsb,[SW] I'm just a simple man making my way.
Images/newimg452.jpg,stego/lsb_267.jpg,lsb,"[LOTR] I’d cut off your head, Dwarf, if it stood but a little higher."
Images/new_img5826.jpg,stego/lsb_268.jpg,lsb,"[LOTR] The board is set, the pieces are moving."
Images/new_img6770.jpg,stego/lsb_269.jpg,lsb,"[SR] I killed her, Red."
Images/img230.jpg,stego/lsb_270.jpg,lsb,[HP] Fear of a name increases fear of the thing itself.
Images/new_img6200.jpg,stego/lsb_271.jpg,lsb,[AV] We are in the Endgame now.
Images/newimg1278.jpg,stego/lsb_272.jpg,lsb,[AV] I am burdened with glorious purpose.
Images/new_img2841.jpg,stego/lsb_273.jpg,lsb,[LOTR] A red sun rises. Blood has been spilled.
Images/new_img6337.jpg,stego/lsb_274.jpg,lsb,"[SR] In prison, a man will do almost anything to keep his mind occupied."
Images/newimg273.jpg,stego/lsb_275.jpg,lsb,[SR] Salvation lies within.
Images/new_img2882.jpg,stego/lsb_276.jpg,lsb,[AV] On your left.
Images/new_img3515.jpg,stego/lsb_277.jpg,lsb,[AV] We have a Hulk.
Images/new_img5200.jpg,stego/lsb_278.jpg,lsb,[SW] I’ve got a bad feeling about this.
Images/new_img1172.jpg,stego/lsb_279.jpg,lsb,[HP] Happiness can be found even in the darkest of times.
Images/new_img1530.jpg,stego/lsb_280.jpg,lsb,[AV] On your left.
Images/new_img2270.jpg,stego/lsb_281.jpg,lsb,[SR] I guess it comes down to a simple choice.
Images/new_img2905.jpg,stego/lsb_282.jpg,lsb,[LOTR] The age of men is over. The time of the Orc has come.
Images/newimg1045.jpg,stego/lsb_283.jpg,lsb,"[LOTR] There will come a time, but it is not now."
Images/new_img153.jpg,stego/lsb_284.jpg,lsb,[HP] Hearing voices no one else can hear isn’t a good sign.
Images/new_img2369.jpg,stego/lsb_285.jpg,lsb,[LOTR] There's some good in this world.
Images/new_img2211.jpg,stego/lsb_286.jpg,lsb,[AV] Fine. I’ll do it myself.
Images/new_img3769.jpg,stego/lsb_287.jpg,lsb,"[HP] Yer a wizard, Harry."
Images/new_img3751.jpg,stego/lsb_288.jpg,lsb,[HP] Just because you have the emotional range of a teaspoon.
Images/newimg956.jpg,stego/lsb_289.jpg,lsb,[SR] Andy crawled to freedom.
Images/new_img2759.jpg,stego/lsb_290.jpg,lsb,[HP] Don’t let the muggles get you down.
Images/new_img5907.jpg,stego/lsb_291.jpg,lsb,[HP] We’ve all got both light and dark inside us.
Images/new_img2285.jpg,stego/lsb_292.jpg,lsb,[SW] I love you. I know.
Images/img610.jpg,stego/lsb_293.jpg,lsb,"[HP] If you want to know what a man’s like, take a good look at how he treats his inferiors."
Images/img611.jpg,stego/lsb_294.jpg,lsb,[LOTR] All we have to decide is what to do with the time given us.
Images/newimg993.jpg,stego/lsb_295.jpg,lsb,[SR] The Pacific Ocean has no memory.
Images/new_img3727.jpg,stego/lsb_296.jpg,lsb,[AV] That’s America’s ass.
Images/new_img1807.jpg,stego/lsb_297.jpg,lsb,[HP] Books! And cleverness!
Images/new_img1648.jpg,stego/lsb_298.jpg,lsb,[SW] I have spoken.
Images/new_img2462.jpg,stego/lsb_299.jpg,lsb,"[LOTR] I can't carry it for you, but I can carry you!"
Images/img208.jpg,stego/lsb_300.jpg,lsb,"[AV] I could do this all day. Yeah, I know."
Images/new_img5043.jpg,stego/lsb_301.jpg,lsb,[LOTR] Fool of a Took!
Images/new_img3170.jpg,stego/lsb_302.jpg,lsb,[LOTR] Ride now! Ride for ruin!
Images/img188.jpg,stego/lsb_303.jpg,lsb,[LOTR] There is no life in the void.
Images/img653.jpg,stego/lsb_304.jpg,lsb,[AV] On your left.
Images/new_img2938.jpg,stego/lsb_305.jpg,lsb,[SW] I am all the Sith!
Images/new_img5350.jpg,stego/lsb_306.jpg,lsb,"[AV] If you die, I feel like that’s on me."
Images/new_img2055.jpg,stego/lsb_307.jpg,lsb,[HP] Dumbledore’s got style.
Images/new_img699.jpg,stego/lsb_308.jpg,lsb,[SR] We sat and drank with the sun on our shoulders.
Images/new_img752.jpg,stego/lsb_309.jpg,lsb,[SR] I hope I can make it across the border.
Images/new_img973.jpg,stego/lsb_310.jpg,lsb,[LOTR] You have my sword.
Images/newimg370.jpg,stego/lsb_311.jpg,lsb,[LOTR] This is no mere ranger.
Images/new_img3366.jpg,stego/lsb_312.jpg,lsb,[AV] I am Iron Man.
Images/new_img3841.jpg,stego/lsb_313.jpg,lsb,[LOTR] Let this be the hour we draw swords together.
Images/new_img6082.jpg,stego/lsb_314.jpg,lsb,[SR] Fear can hold you prisoner.
Images/img323.jpg,stego/lsb_315.jpg,lsb,[HP] We’ve all got both light and dark inside us.
Images/new_img6897.jpg,stego/lsb_316.jpg,lsb,"[SW] Help me, Obi-Wan Kenobi. You're my only hope."
Images/new_img1635.jpg,stego/lsb_317.jpg,lsb,[AV] I’m gonna need that guy’s arm.
Images/newimg685.jpg,stego/lsb_318.jpg,lsb,[SW] I know what I have to do.
Images/new_img3168.jpg,stego/lsb_319.jpg,lsb,[SW] That’s not how the Force works!
Images/new_img938.jpg,stego/lsb_320.jpg,lsb,"[LOTR] I can't carry it for you, but I can carry you!"
Images/new_img1441.jpg,stego/lsb_321.jpg,lsb,[AV] No resurrections this time.
Images/new_img2176.jpg,stego/lsb_322.jpg,lsb,"[LOTR] The Grey Pilgrim, that’s what they used to call me."
Images/new_img4978.jpg,stego/lsb_323.jpg,lsb,"[SW] Chewie, we’re home."
Images/new_img2241.jpg,stego/lsb_324.jpg,lsb,"[HP] It’s LeviOsa, not LevioSA!"
Images/new_img4224.jpg,stego/lsb_325.jpg,lsb,"[SW] Now, young Skywalker, you will die."
Images/newimg1025.jpg,stego/lsb_326.jpg,lsb,"[LOTR] I can't carry it for you, but I can carry you!"
Images/new_img1521.jpg,stego/lsb_327.jpg,lsb,[LOTR] Even the very wise cannot see all ends.
Images/new_img4595.jpg,stego/lsb_328.jpg,lsb,[AV] Is that the best you can do?
Images/new_img2355.jpg,stego/lsb_329.jpg,lsb,"[SR] I find I'm so excited, I can barely sit still."
Images/newimg948.jpg,stego/lsb_330.jpg,lsb,[AV] I understood that reference.
Images/new_img3662.jpg,stego/lsb_331.jpg,lsb,"[AV] That’s my secret, Cap: I’m always angry."
Images/new_img6145.jpg,stego/lsb_332.jpg,lsb,[LOTR] All we have to decide is what to do with the time given us.
Images/new_img17.jpg,stego/lsb_333.jpg,lsb,[LOTR] The Ring has awoken. It’s heard its master’s call.
Images/img530.jpg,stego/lsb_334.jpg,lsb,[HP] I’ll join you when hell freezes over.
Images/newimg167.jpg,stego/lsb_335.jpg,lsb,"[HP] If you’re holding out for universal popularity, you’ll be in this cabin a long time."
Images/new_img2013.jpg,stego/lsb_336.jpg,lsb,[SW] I am your father.
Images/new_img3153.jpg,stego/lsb_337.jpg,lsb,[LOTR] You have my sword.
Images/new_img1229.jpg,stego/lsb_338.jpg,lsb,[SW] Confronting fear is a Jedi’s destiny.
Images/new_img2583.jpg,stego/lsb_339.jpg,lsb,[LOTR] You need people of intelligence on this mission.
Images/new_img3415.jpg,stego/lsb_340.jpg,lsb,"[AV] That’s my secret, Cap: I’m always angry."
Images/new_img3862.jpg,stego/lsb_341.jpg,lsb,"[SR] That’s it, step aside, Mert."
Images/img375.jpg,stego/lsb_342.jpg,lsb,[SR] We’re getting to be regular old friends.
Images/new_img2430.jpg,stego/lsb_343.jpg,lsb,[AV] We’re the guardians of the galaxy.
Images/newimg550.jpg,stego/lsb_344.jpg,lsb,[SW] No one’s ever really gone.
Images/new_img1513.jpg,stego/lsb_345.jpg,lsb,"[SW] Laugh it up, fuzzball!"
Images/new_img2621.jpg,stego/lsb_346.jpg,lsb,[SR] I’m a convicted murderer who provides sound financial planning.
Images/new_img6188.jpg,stego/lsb_347.jpg,lsb,"[HP] Working hard is important, but there is something that matters even more."
Images/new_img5032.jpg,stego/lsb_348.jpg,lsb,[LOTR] There's some good in this world.
Images/new_img145.jpg,stego/lsb_349.jpg,lsb,[AV] I don’t want to go.
Images/new_img2119.jpg,stego/lsb_350.jpg,lsb,"[SR] The bars slam home, that’s when you know it’s for real."
Images/new_img5716.jpg,stego/lsb_351.jpg,lsb,[AV] I see a suit of armor around the world.
Images/new_img2519.jpg,stego/lsb_352.jpg,lsb,[AV] We are in the Endgame now.
Images/new_img1556.jpg,stego/lsb_353.jpg,lsb,[SW] Somebody has to save our skins.
Images/new_img1452.jpg,stego/lsb_354.jpg,lsb,[SR] The Pacific Ocean has no memory.
Images/img480.jpg,stego/lsb_355.jpg,lsb,"[SW] Now, young Skywalker, you will die."
Images/new_img5162.jpg,stego/lsb_356.jpg,lsb,[LOTR] A wizard is never late.
Images/new_img6196.jpg,stego/lsb_357.jpg,lsb,"[SR] He fought the good fight, and the sisters never laid a finger on him again."
Images/new_img5271.jpg,stego/lsb_358.jpg,lsb,"[AV] I’m Mary Poppins, y’all!"
Images/new_img4901.jpg,stego/lsb_359.jpg,lsb,"[HP] I’ll be in my bedroom, making no noise."
Images/newimg156.jpg,stego/lsb_360.jpg,lsb,[SW] Never tell me the odds!
Images/img390.jpg,stego/lsb_361.jpg,lsb,[LOTR] I will not say do not weep.
Images/new_img4749.jpg,stego/lsb_362.jpg,lsb,"[AV] I could do this all day. Yeah, I know."
Images/newimg843.jpg,stego/lsb_363.jpg,lsb,[SR] How could you be so obtuse?
Images/new_img5236.jpg,stego/lsb_364.jpg,lsb,[LOTR] The Eye of the enemy is moving.
Images/new_img6396.jpg,stego/lsb_365.jpg,lsb,[LOTR] There is no life in the void.
Images/new_img727.jpg,stego/lsb_366.jpg,lsb,"[LOTR] I can't do this, Sam."
Images/new_img4956.jpg,stego/lsb_367.jpg,lsb,[LOTR] The Ring has awoken. It’s heard its master’s call.
Images/new_img2590.jpg,stego/lsb_368.jpg,lsb,[SW] Someday I will be the most powerful Jedi ever.
Images/new_img3868.jpg,stego/lsb_369.jpg,lsb,[AV] This is my burden to bear.
Images/img541.jpg,stego/lsb_370.jpg,lsb,[SW] Bounty hunting is a complicated profession.
Images/new_img2316.jpg,stego/lsb_371.jpg,lsb,[SR] I had to come to prison to be a crook.
Images/new_img3624.jpg,stego/lsb_372.jpg,lsb,[SW] Never tell me the odds!
Images/new_img5153.jpg,stego/lsb_373.jpg,lsb,[LOTR] Ride now! Ride for ruin!
Images/new_img2983.jpg,stego/lsb_374.jpg,lsb,[LOTR] I will not say do not weep.
Images/newimg200.jpg,stego/lsb_375.jpg,lsb,"[HP] If you have to ask, you’ll never know."
Images/new_img2219.jpg,stego/lsb_376.jpg,lsb,[AV] You’re out of time.
Images/new_img3043.jpg,stego/lsb_377.jpg,lsb,[SR] I guess I just miss my friend.
Images/new_img156.jpg,stego/lsb_378.jpg,lsb,"[HP] It matters not what someone is born, but what they grow to be."
Images/img592.jpg,stego/lsb_379.jpg,lsb,[LOTR] The shadow does not hold sway yet.
Images/new_img1149.jpg,stego/lsb_380.jpg,lsb,[AV] Bring me Thanos!
Images/new_img5465.jpg,stego/lsb_381.jpg,lsb,[LOTR] A hunted man sometimes wearies of distrust and longs for friendship.
Images/new_img4516.jpg,stego/lsb_382.jpg,lsb,[SW] I see through the lies of the Jedi.
Images/new_img2656.jpg,stego/lsb_383.jpg,lsb,[SR] I’m a convicted murderer who provides sound financial planning.
Images/new_img3776.jpg,stego/lsb_384.jpg,lsb,"[SR] I didn’t pull the trigger, but I drove her away."
Images/new_img3060.jpg,stego/lsb_385.jpg,lsb,[SR] They’re just too bright.
Images/new_img1015.jpg,stego/lsb_386.jpg,lsb,[LOTR] A steward's only duty is to his people.
Images/img584.jpg,stego/lsb_387.jpg,lsb,[AV] I choose to run toward my problems.
Images/new_img6261.jpg,stego/lsb_388.jpg,lsb,[AV] I am Iron Man.
Images/new_img3355.jpg,stego/lsb_389.jpg,lsb,"[HP] Ah, music. A magic beyond all we do here!"
Images/new_img1422.jpg,stego/lsb_390.jpg,lsb,[LOTR] You shall be the Fellowship of the Ring.
Images/newimg1023.jpg,stego/lsb_391.jpg,lsb,"[SR] I don’t waste time on losers, Tommy."
Images/newimg671.jpg,stego/lsb_392.jpg,lsb,[AV] You’re out of time.
Images/new_img1869.jpg,stego/lsb_393.jpg,lsb,[LOTR] War will make corpses of us all.
Images/new_img1619.jpg,stego/lsb_394.jpg,lsb,"[HP] Working hard is important, but there is something that matters even more."
Images/new_img2831.jpg,stego/lsb_395.jpg,lsb,"[SR] I don’t waste time on losers, Tommy."
Images/new_img1582.jpg,stego/lsb_396.jpg,lsb,"[SR] Remember, Red, hope is a good thing."
Images/new_img4700.jpg,stego/lsb_397.jpg,lsb,[LOTR] Even the smallest person can change the future.
Images/new_img704.jpg,stego/lsb_398.jpg,lsb,"[AV] I could do this all day. Yeah, I know."
Images/new_img4991.jpg,stego/lsb_399.jpg,lsb,"[HP] Ah, music. A magic beyond all we do here!"
Images/newimg877.jpg,stego/lsb_400.jpg,lsb,"[HP] It matters not what someone is born, but what they grow to be."
Images/new_img3134.jpg,stego/lsb_401.jpg,lsb,[SW] Only a Sith deals in absolutes.
Images/new_img2469.jpg,stego/lsb_402.jpg,lsb,[AV] You could not live with your own failure.
Images/newimg825.jpg,stego/lsb_403.jpg,lsb,"[HP] Training for the ballet, Potter?"
Images/new_img4237.jpg,stego/lsb_404.jpg,lsb,"[HP] Don’t pity the dead, Harry. Pity the living."
Images/new_img3282.jpg,stego/lsb_405.jpg,lsb,[LOTR] One does not simply walk into Mordor.
Images/new_img168.jpg,stego/lsb_406.jpg,lsb,"[SR] He didn't do it, and I believe him."
Images/new_img939.jpg,stego/lsb_407.jpg,lsb,[AV] I am burdened with glorious purpose.
Images/new_img143.jpg,stego/lsb_408.jpg,lsb,"[SW] Laugh it up, fuzzball!"
Images/new_img5919.jpg,stego/lsb_409.jpg,lsb,[SR] We sat and drank with the sun on our shoulders.
Images/new_img3935.jpg,stego/lsb_410.jpg,lsb,[SW] I hate sand. It’s coarse and rough.
Images/new_img3322.jpg,stego/lsb_411.jpg,lsb,[AV] I am inevitable.
Images/new_img6091.jpg,stego/lsb_412.jpg,lsb,[LOTR] It’s the deep breath before the plunge.
Images/new_img4265.jpg,stego/lsb_413.jpg,lsb,"[LOTR] I can't carry it for you, but I can carry you!"
Images/new_img20.jpg,stego/lsb_414.jpg,lsb,[AV] Wakanda forever!
Images/new_img5574.jpg,stego/lsb_415.jpg,lsb,[SW] You underestimate my power!
Images/new_img1872.jpg,stego/lsb_416.jpg,lsb,[AV] We’re in the endgame now.
Images/new_img5761.jpg,stego/lsb_417.jpg,lsb,[AV] I’m a huge fan of the way you lose control.
Images/new_img6465.jpg,stego/lsb_418.jpg,lsb,"[HP] I am what I am, and I’m not ashamed."
Images/newimg1033.jpg,stego/lsb_419.jpg,lsb,[HP] Always the tone of surprise.
Images/new_img473.jpg,stego/lsb_420.jpg,lsb,[HP] The Chamber of Secrets has been opened.
Images/new_img328.jpg,stego/lsb_421.jpg,lsb,[AV] I don’t want to go.
Images/new_img6574.jpg,stego/lsb_422.jpg,lsb,[LOTR] This task was appointed to you.
Images/newimg1213.jpg,stego/lsb_423.jpg,lsb,[SW] I can bring you in warm or cold.
Images/new_img1170.jpg,stego/lsb_424.jpg,lsb,[SR] That’s the best part of me left in me.
Images/newimg48.jpg,stego/lsb_425.jpg,lsb,"[SW] The greatest teacher, failure is."
Images/newimg1186.jpg,stego/lsb_426.jpg,lsb,"[HP] Yer a wizard, Harry."
Images/new_img1843.jpg,stego/lsb_427.jpg,lsb,[AV] I’m just a kid from Brooklyn.
Images/new_img3832.jpg,stego/lsb_428.jpg,lsb,[LOTR] A day may come when the courage of men fails.
Images/newimg958.jpg,stego/lsb_429.jpg,lsb,"[LOTR] If you want him, come and claim him!"
Images/new_img2332.jpg,stego/lsb_430.jpg,lsb,"[SR] Bad luck, I guess. It floats around."
Images/new_img1999.jpg,stego/lsb_431.jpg,lsb,[HP] Greatness inspires envy.
Images/new_img2078.jpg,stego/lsb_432.jpg,lsb,[HP] It does not do to dwell on dreams.
Images/new_img5472.jpg,stego/lsb_433.jpg,lsb,[SW] He’s no good to me dead.
Images/new_img5270.jpg,stego/lsb_434.jpg,lsb,[LOTR] Your time will come. You will face the same Evil.
Images/new_img1520.jpg,stego/lsb_435.jpg,lsb,[SW] No one’s ever really gone.
Images/new_img858.jpg,stego/lsb_436.jpg,lsb,[AV] Language!
Images/newimg183.jpg,stego/lsb_437.jpg,lsb,[SW] Bounty hunting is a complicated profession.
Images/new_img630.jpg,stego/lsb_438.jpg,lsb,[HP] Curiosity is not a sin.
Images/newimg292.jpg,stego/lsb_439.jpg,lsb,"[SW] In my experience, there's no such thing as luck."
Images/newimg1103.jpg,stego/lsb_440.jpg,lsb,[SR] I'd hate to deprive you of this.
Images/new_img6944.jpg,stego/lsb_441.jpg,lsb,[AV] I see a suit of armor around the world.
Images/newimg163.jpg,stego/lsb_442.jpg,lsb,[AV] I prefer the weapon you only have to fire once.
Images/new_img6663.jpg,stego/lsb_443.jpg,lsb,[SR] Hope is a dangerous thing. Drive a man insane.
Images/new_img2353.jpg,stego/lsb_444.jpg,lsb,[SW] Let the past die. Kill it if you have to.
Images/new_img6633.jpg,stego/lsb_445.jpg,lsb,"[SW] Fear leads to anger, anger leads to hate."
Images/new_img6130.jpg,stego/lsb_446.jpg,lsb,[AV] I love you 3000.
Images/new_img2179.jpg,stego/lsb_447.jpg,lsb,[HP] Numbing the pain for a while will make it worse when you finally feel it.
Images/img5.jpg,stego/lsb_448.jpg,lsb,"[AV] Avengers, assemble!"
Images/new_img400.jpg,stego/lsb_449.jpg,lsb,[LOTR] You have my sword.
Images/new_img2322.jpg,stego/lsb_450.jpg,lsb,[LOTR] Don’t adventures ever have an end?
Images/new_img2071.jpg,stego/lsb_451.jpg,lsb,[SR] There’s something inside that they can’t get to.
Images/new_img4091.jpg,stego/lsb_452.jpg,lsb,"[LOTR] We swears, to serve the master of the Precious."
Images/new_img6819.jpg,stego/lsb_453.jpg,lsb,"[SW] When 900 years old you reach, look as good you will not."
Images/new_img3811.jpg,stego/lsb_454.jpg,lsb,[SW] May the Force be with you.
Images/new_img1408.jpg,stego/lsb_455.jpg,lsb,[AV] You’re out of time.
Images/newimg62.jpg,stego/lsb_456.jpg,lsb,"[LOTR] The Grey Pilgrim, that’s what they used to call me."
Images/new_img2081.jpg,stego/lsb_457.jpg,lsb,"[SR] In prison, a man will do almost anything to keep his mind occupied."
Images/new_img6495.jpg,stego/lsb_458.jpg,lsb,[SW] Experience outranks everything.
Images/new_img3657.jpg,stego/lsb_459.jpg,lsb,"[HP] If you want to know what a man’s like, take a good look at how he treats his inferiors."
Images/new_img1830.jpg,stego/lsb_460.jpg,lsb,[SR] The world went and got itself in a big hurry.
Images/new_img2224.jpg,stego/lsb_461.jpg,lsb,[AV] Language!
Images/new_img3236.jpg,stego/lsb_462.jpg,lsb,[SW] There's always a bigger fish.
Images/new_img3755.jpg,stego/lsb_463.jpg,lsb,[AV] Part of the journey is the end.
Images/newimg895.jpg,stego/lsb_464.jpg,lsb,[AV] Victory should be effortless.
Images/new_img1967.jpg,stego/lsb_465.jpg,lsb,[AV] I’m with you till the end of the line.
Images/new_img4542.jpg,stego/lsb_466.jpg,lsb,"[AV] If you die, I feel like that’s on me."
Images/newimg1089.jpg,stego/lsb_467.jpg,lsb,[SR] Maybe it’s because I’m Irish.
Images/img130.jpg,stego/lsb_468.jpg,lsb,[LOTR] And my bow.
Images/new_img3850.jpg,stego/lsb_469.jpg,lsb,[HP] I’ll join you when hell freezes over.
Images/new_img1919.jpg,stego/lsb_470.jpg,lsb,[LOTR] The age of men is over. The time of the Orc has come.
Images/new_img4183.jpg,stego/lsb_471.jpg,lsb,[AV] You could not live with your own failure.
Images/newimg900.jpg,stego/lsb_472.jpg,lsb,"[AV] You get hurt, hurt ’em back."
Images/newimg331.jpg,stego/lsb_473.jpg,lsb,[SR] That’s the one thing they can’t take away.
Images/new_img5864.jpg,stego/lsb_474.jpg,lsb,"[SW] Help me, Obi-Wan Kenobi. You're my only hope."
Images/new_img3179.jpg,stego/lsb_475.jpg,lsb,[HP] I can teach you how to bottle fame.
Images/new_img3787.jpg,stego/lsb_476.jpg,lsb,[SR] How about we get her some rocks?
Images/img609.jpg,stego/lsb_477.jpg,lsb,[SR] You strike me as a particularly icy and remorseless man.
Images/new_img3025.jpg,stego/lsb_478.jpg,lsb,[AV] I am Iron Man.
Images/newimg1230.jpg,stego/lsb_479.jpg,lsb,[LOTR] You shall not pass!
Images/new_img1296.jpg,stego/lsb_480.jpg,lsb,"[HP] Have a biscuit, Potter."
Images/new_img4312.jpg,stego/lsb_481.jpg,lsb,"[AV] I’m a god, you dull creature!"
Images/newimg1300.jpg,stego/lsb_482.jpg,lsb,[LOTR] Don’t adventures ever have an end?
Images/new_img3491.jpg,stego/lsb_483.jpg,lsb,[SR] You eat when we say you eat.
Images/new_img6568.jpg,stego/lsb_484.jpg,lsb,"[AV] You get hurt, hurt ’em back."
Images/new_img2862.jpg,stego/lsb_485.jpg,lsb,[SW] I am your father.
Images/new_img2020.jpg,stego/lsb_486.jpg,lsb,"[SR] Hope is a good thing, maybe the best of things."
Images/new_img3719.jpg,stego/lsb_487.jpg,lsb,"[AV] I’m a god, you dull creature!"
Images/new_img2768.jpg,stego/lsb_488.jpg,lsb,[AV] Victory should be effortless.
Images/new_img4062.jpg,stego/lsb_489.jpg,lsb,[HP] This is beyond anything I imagined.
Images/new_img3011.jpg,stego/lsb_490.jpg,lsb,[SR] Perhaps it's time you tried a new profession.
Images/newimg966.jpg,stego/lsb_491.jpg,lsb,[AV] I see a suit of armor around the world.
Images/new_img5134.jpg,stego/lsb_492.jpg,lsb,[LOTR] A day may come when the courage of men fails.
Images/new_img2618.jpg,stego/lsb_493.jpg,lsb,"[AV] I could do this all day. Yeah, I know."
Images/newimg695.jpg,stego/lsb_494.jpg,lsb,[AV] Gotta move on. We gotta move on.
Images/new_img4302.jpg,stego/lsb_495.jpg,lsb,[LOTR] The fires of Isengard will spread.
Images/newimg988.jpg,stego/lsb_496.jpg,lsb,[HP] The ones that love us never really leave us.
Images/new_img1780.jpg,stego/lsb_497.jpg,lsb,[SW] I placed vital info in this R2 unit.
Images/new_img1914.jpg,stego/lsb_498.jpg,lsb,[AV] Nothing goes over my head.
Images/newimg353.jpg,stego/lsb_499.jpg,lsb,[SR] Geology is the study of pressure and time.
Images/new_img1240.jpg,stego/lsb_500.jpg,lsb,"[LOTR] Certainty of death, small chance of success."
Images/new_img2848.jpg,stego/lsb_501.jpg,lsb,[LOTR] The shadow does not hold sway yet.
Images/new_img3075.jpg,stego/lsb_502.jpg,lsb,[AV] This is my burden to bear.
Images/new_img2652.jpg,stego/lsb_503.jpg,lsb,[AV] I’m a huge fan of the way you lose control.
Images/new_img2732.jpg,stego/lsb_504.jpg,lsb,[AV] You’re not the guy to make the sacrifice play.
Images/new_img6867.jpg,stego/lsb_505.jpg,lsb,[SW] No one’s ever really gone.
Images/new_img2778.jpg,stego/lsb_506.jpg,lsb,"[LOTR] I can't do this, Sam."
Images/new_img208.jpg,stego/lsb_507.jpg,lsb,"[HP] Words are, in my not-so-humble opinion, our most inexhaustible source of magic."
Images/new_img3668.jpg,stego/lsb_508.jpg,lsb,[SR] The Pacific Ocean has no memory.
Images/new_img1345.jpg,stego/lsb_509.jpg,lsb,[SR] Hope can set you free.
Images/img407.jpg,stego/lsb_510.jpg,lsb,[SW] I hate sand. It’s coarse and rough.
Images/new_img2133.jpg,stego/lsb_511.jpg,lsb,[AV] I am inevitable.
Images/new_img837.jpg,stego/lsb_512.jpg,lsb,[LOTR] The fires of Isengard will spread.
Images/new_img5158.jpg,stego/lsb_513.jpg,lsb,[LOTR] Do not trouble yourself with my problems.
Images/img325.jpg,stego/lsb_514.jpg,lsb,[SR] Perhaps it's time you tried a new profession.
Images/new_img2888.jpg,stego/lsb_515.jpg,lsb,[HP] Wands are only as powerful as the wizards who use them.
Images/newimg1204.jpg,stego/lsb_516.jpg,lsb,[HP] Time is making fools of us again.
Images/new_img5051.jpg,stego/lsb_517.jpg,lsb,"[HP] You’re a wizard, Harry."
Images/new_img5409.jpg,stego/lsb_518.jpg,lsb,[LOTR] Ride now! Ride for ruin!
Images/new_img6171.jpg,stego/lsb_519.jpg,lsb,[HP] Let us hope that Mr. Potter will always be around.
Images/newimg591.jpg,stego/lsb_520.jpg,lsb,[AV] I’m just a kid from Brooklyn.
Images/new_img6527.jpg,stego/lsb_521.jpg,lsb,"[AV] If you die, I feel like that’s on me."
Images/new_img3475.jpg,stego/lsb_522.jpg,lsb,"[HP] Once again, you’ve put your keen mind to the task."
Images/new_img4029.jpg,stego/lsb_523.jpg,lsb,[HP] This is beyond anything I imagined.
Images/new_img4082.jpg,stego/lsb_524.jpg,lsb,[AV] Language!
Images/img601.jpg,stego/lsb_525.jpg,lsb,[LOTR] A red sun rises. Blood has been spilled.
Images/new_img1960.jpg,stego/lsb_526.jpg,lsb,[AV] If you’re nothing without the suit...
Images/new_img4476.jpg,stego/lsb_527.jpg,lsb,[AV] I’m just a kid from Brooklyn.
Images/newimg874.jpg,stego/lsb_528.jpg,lsb,"[LOTR] The board is set, the pieces are moving."
Images/new_img6335.jpg,stego/lsb_529.jpg,lsb,[SR] Hope is a dangerous thing. Drive a man insane.
Images/new_img43.jpg,stego/lsb_530.jpg,lsb,[LOTR] Your time will come. You will face the same Evil.
Images/newimg1238.jpg,stego/lsb_531.jpg,lsb,[AV] Is this your king?
Images/new_img6106.jpg,stego/lsb_532.jpg,lsb,[HP] I solemnly swear that I am up to no good.
Images/new_img4804.jpg,stego/lsb_533.jpg,lsb,[SR] Get busy living or get busy dying.
Images/newimg719.jpg,stego/lsb_534.jpg,lsb,[AV] Nothing goes over my head.
Images/new_img6728.jpg,stego/lsb_535.jpg,lsb,[SW] I am your father.
Images/new_img2042.jpg,stego/lsb_536.jpg,lsb,[SW] No one’s ever really gone.
Images/new_img5142.jpg,stego/lsb_537.jpg,lsb,[LOTR] War will make corpses of us all.
Images/new_img3730.jpg,stego/lsb_538.jpg,lsb,[HP] It’s our choices that show what we truly are.
Images/new_img5463.jpg,stego/lsb_539.jpg,lsb,"[SW] Always two there are, no more, no less."
Images/new_img3353.jpg,stego/lsb_540.jpg,lsb,[SW] He’s more machine now than man.
Images/img64.jpg,stego/lsb_541.jpg,lsb,"[LOTR] I can't do this, Sam."
Images/newimg1259.jpg,stego/lsb_542.jpg,lsb,[LOTR] You shall be the Fellowship of the Ring.
Images/new_img5205.jpg,stego/lsb_543.jpg,lsb,[SR] Andy crawled to freedom.
Images/new_img1155.jpg,stego/lsb_544.jpg,lsb,"[HP] I’m holy. I’m holey, Fred, geddit?"
Images/new_img1901.jpg,stego/lsb_545.jpg,lsb,"[HP] It matters not what someone is born, but what they grow to be."
Images/new_img2342.jpg,stego/lsb_546.jpg,lsb,[SR] Andy crawled to freedom.
Images/newimg326.jpg,stego/lsb_547.jpg,lsb,[SR] I guess I just miss my friend.
Images/new_img4280.jpg,stego/lsb_548.jpg,lsb,[LOTR] You shall be the Fellowship of the Ring.
Images/new_img1103.jpg,stego/lsb_549.jpg,lsb,[HP] But it takes even more to stand up to our friends.
Images/newimg159.jpg,stego/lsb_550.jpg,lsb,[LOTR] A steward's only duty is to his people.
Images/new_img503.jpg,stego/lsb_551.jpg,lsb,"[HP] Yer a wizard, Harry."
Images/new_img6881.jpg,stego/lsb_552.jpg,lsb,[SW] Your eyes can deceive you; don’t trust them.
Images/newimg52.jpg,stego/lsb_553.jpg,lsb,[HP] Dobby is free.
Images/new_img4773.jpg,stego/lsb_554.jpg,lsb,"[AV] Another happy landing. (Wrong franchise, sorry.)"
Images/new_img1668.jpg,stego/lsb_555.jpg,lsb,[SR] I have no idea to this day what those two Italian ladies were singing about.
Images/new_img1993.jpg,stego/lsb_556.jpg,lsb,[LOTR] The age of men is over. The time of the Orc has come.
Images/new_img4136.jpg,stego/lsb_557.jpg,lsb,[LOTR] All we have to decide is what to do with the time given us.
Images/newimg921.jpg,stego/lsb_558.jpg,lsb,"[AV] Another happy landing. (Wrong franchise, sorry.)"
Images/new_img4384.jpg,stego/lsb_559.jpg,lsb,"[AV] I can’t control their fear, only mine."
Images/new_img3057.jpg,stego/lsb_560.jpg,lsb,"[HP] I’m holy. I’m holey, Fred, geddit?"
Images/new_img1486.jpg,stego/lsb_561.jpg,lsb,[SW] Aren’t you a little short for a stormtrooper?
Images/new_img4364.jpg,stego/lsb_562.jpg,lsb,[AV] I see a suit of armor around the world.
Images/new_img5445.jpg,stego/lsb_563.jpg,lsb,[SR] I like to think the last thing that went through his head was to wonder.
Images/new_img4431.jpg,stego/lsb_564.jpg,lsb,[SW] Hello there.
Images/newimg1038.jpg,stego/lsb_565.jpg,lsb,[SR] I had Mr. Mozart to keep me company.
Images/new_img2522.jpg,stego/lsb_566.jpg,lsb,[SW] Rebellions are built on hope.
Images/newimg525.jpg,stego/lsb_567.jpg,lsb,[SW] Hello there.
Images/new_img1442.jpg,stego/lsb_568.jpg,lsb,[AV] Nothing goes over my head.
Images/new_img2533.jpg,stego/lsb_569.jpg,lsb,"[HP] Yer a wizard, Harry."
Images/newimg380.jpg,stego/lsb_570.jpg,lsb,[AV] I see a suit of armor around the world.
Images/newimg1104.jpg,stego/lsb_571.jpg,lsb,"[HP] If you’re holding out for universal popularity, you’ll be in this cabin a long time."
Images/new_img3694.jpg,stego/lsb_572.jpg,lsb,[SR] Fear can hold you prisoner.
Images/new_img6271.jpg,stego/lsb_573.jpg,lsb,[HP] After all this time? Always.
Images/new_img5379.jpg,stego/lsb_574.jpg,lsb,[SW] I have the high ground!
Images/new_img6970.jpg,stego/lsb_575.jpg,lsb,[SW] Hello there.
Images/new_img3754.jpg,stego/lsb_576.jpg,lsb,[SR] A man’s got to have something to keep him sane.
Images/newimg822.jpg,stego/lsb_577.jpg,lsb,[SW] Experience outranks everything.
Images/new_img941.jpg,stego/lsb_578.jpg,lsb,[SR] Fear can hold you prisoner.
Images/newimg928.jpg,stego/lsb_579.jpg,lsb,[SR] There’s something inside that they can’t get to.
Images/new_img1215.jpg,stego/lsb_580.jpg,lsb,"[SW] Help me, Obi-Wan Kenobi. You're my only hope."
Images/new_img4692.jpg,stego/lsb_581.jpg,lsb,[AV] On your left.
Images/new_img4083.jpg,stego/lsb_582.jpg,lsb,[LOTR] The treacherous are ever distrustful.
Images/new_img3752.jpg,stego/lsb_583.jpg,lsb,"[HP] If you have to ask, you’ll never know."
Images/new_img5788.jpg,stego/lsb_584.jpg,lsb,"[HP] I’ll be in my bedroom, making no noise."
Images/img29.jpg,stego/lsb_585.jpg,lsb,[LOTR] There is no life in the void.
Images/new_img5950.jpg,stego/lsb_586.jpg,lsb,[HP] Until the very end.
Images/new_img4353.jpg,stego/lsb_587.jpg,lsb,[SR] Maybe it’s because I’m Irish.
Images/new_img3114.jpg,stego/lsb_588.jpg,lsb,[HP] It’s our choices that show what we truly are.
Images/new_img4177.jpg,stego/lsb_589.jpg,lsb,"[AV] Another happy landing. (Wrong franchise, sorry.)"
Images/new_img5615.jpg,stego/lsb_590.jpg,lsb,[SW] Never tell me the odds!
Images/new_img6230.jpg,stego/lsb_591.jpg,lsb,"[HP] Fawkes is a phoenix, Harry."
Images/new_img1518.jpg,stego/lsb_592.jpg,lsb,[SR] I like to think the last thing that went through his head was to wonder.
Images/newimg1035.jpg,stego/lsb_593.jpg,lsb,[AV] Nothing goes over my head.
Images/new_img3537.jpg,stego/lsb_594.jpg,lsb,"[HP] I’ll be in my bedroom, making no noise."
Images/new_img6031.jpg,stego/lsb_595.jpg,lsb,[LOTR] The Eye of the enemy is moving.
Images/newimg309.jpg,stego/lsb_596.jpg,lsb,[SW] Let the Wookiee win.
Images/new_img242.jpg,stego/lsb_597.jpg,lsb,[SW] The Force will be with you. Always.
Images/img516.jpg,stego/lsb_598.jpg,lsb,"[LOTR] If you want him, come and claim him!"
Images/new_img5635.jpg,stego/lsb_599.jpg,lsb,[SR] That’s the one thing they can’t take away.
Images/new_img890.jpg,stego/lsb_600.jpg,lsb,"[LOTR] It's a dangerous business, Frodo, going out your door."
Images/new_img2921.jpg,stego/lsb_601.jpg,lsb,[SW] Bounty hunting is a complicated profession.
Images/new_img5439.jpg,stego/lsb_602.jpg,lsb,[AV] I understood that reference.
Images/new_img5440.jpg,stego/lsb_603.jpg,lsb,[HP] Dark and difficult times lie ahead.
Images/new_img350.jpg,stego/lsb_604.jpg,lsb,[LOTR] One does not simply walk into Mordor.
Images/newimg1024.jpg,stego/lsb_605.jpg,lsb,[SR] He strolled like a man in a park.
Images/new_img5715.jpg,stego/lsb_606.jpg,lsb,"[SW] Judge me by my size, do you?"
Images/img486.jpg,stego/lsb_607.jpg,lsb,[AV] You should have aimed for the head.
Images/new_img5182.jpg,stego/lsb_608.jpg,lsb,[SR] I don’t suppose it would help any if I explained again.
Images/new_img3548.jpg,stego/lsb_609.jpg,lsb,[SR] That’s the best part of me left in me.
Images/new_img5046.jpg,stego/lsb_610.jpg,lsb,[SR] Maybe it’s because I’m Irish.
Images/newimg1177.jpg,stego/lsb_611.jpg,lsb,"[HP] If you’re holding out for universal popularity, you’ll be in this cabin a long time."
Images/img468.jpg,stego/lsb_612.jpg,lsb,[SR] I hope I can make it across the border.
Images/new_img5836.jpg,stego/lsb_613.jpg,lsb,[HP] Just because you have the emotional range of a teaspoon.
Images/new_img6020.jpg,stego/lsb_614.jpg,lsb,[HP] But it takes even more to stand up to our friends.
Images/new_img2898.jpg,stego/lsb_615.jpg,lsb,[SR] Forty years I been asking permission to pee.
Images/new_img389.jpg,stego/lsb_616.jpg,lsb,[AV] Part of the journey is the end.
Images/new_img4650.jpg,stego/lsb_617.jpg,lsb,[AV] If you’re nothing without the suit...
Images/new_img5431.jpg,stego/lsb_618.jpg,lsb,"[SR] He didn't do it, and I believe him."
Images/new_img1499.jpg,stego/lsb_619.jpg,lsb,"[LOTR] I can't do this, Sam."
Images/img90.jpg,stego/lsb_620.jpg,lsb,[LOTR] The shadow does not hold sway yet.
Images/img405.jpg,stego/lsb_621.jpg,lsb,[LOTR] Don’t adventures ever have an end?
Images/new_img6526.jpg,stego/lsb_622.jpg,lsb,[HP] Books! And cleverness!
Images/new_img4613.jpg,stego/lsb_623.jpg,lsb,[LOTR] Let this be the hour we draw swords together.
Images/new_img6640.jpg,stego/lsb_624.jpg,lsb,[LOTR] That’s what I meant: perilous.
Images/newimg797.jpg,stego/lsb_625.jpg,lsb,[SR] I had to come to prison to be a crook.
Images/img83.jpg,stego/lsb_626.jpg,lsb,[AV] On your left.
Images/new_img198.jpg,stego/lsb_627.jpg,lsb,[LOTR] Release the river!
Images/new_img4299.jpg,stego/lsb_628.jpg,lsb,"[SR] Terrible thing, to live in fear."
Images/new_img4308.jpg,stego/lsb_629.jpg,lsb,[SW] There's always a bigger fish.
Images/new_img3438.jpg,stego/lsb_630.jpg,lsb,[LOTR] Fool of a Took!
Images/new_img5357.jpg,stego/lsb_631.jpg,lsb,[HP] Books! And cleverness!
Images/new_img5798.jpg,stego/lsb_632.jpg,lsb,[SR] That’s the one thing they can’t take away.
Images/new_img5750.jpg,stego/lsb_633.jpg,lsb,[SR] They’re just too bright.
Images/img496.jpg,stego/lsb_634.jpg,lsb,[LOTR] Your time will come. You will face the same Evil.
Images/new_img5849.jpg,stego/lsb_635.jpg,lsb,[AV] You’re not the guy to make the sacrifice play.
Images/new_img2716.jpg,stego/lsb_636.jpg,lsb,[HP] The ones that love us never really leave us.
Images/new_img4441.jpg,stego/lsb_637.jpg,lsb,[LOTR] And my axe.
Images/new_img4533.jpg,stego/lsb_638.jpg,lsb,[SR] How about we get her some rocks?
Images/new_img1067.jpg,stego/lsb_639.jpg,lsb,"[HP] We could all have been killed, or worse, expelled."
Images/new_img1069.jpg,stego/lsb_640.jpg,lsb,[SR] Geology is the study of pressure and time.
Images/img93.jpg,stego/lsb_641.jpg,lsb,[AV] You could not live with your own failure.
Images/new_img6334.jpg,stego/lsb_642.jpg,lsb,[SR] There's a harsh truth to face.
Images/new_img2790.jpg,stego/lsb_643.jpg,lsb,[SR] Perhaps it's time you tried a new profession.
Images/new_img2600.jpg,stego/lsb_644.jpg,lsb,"[SR] Brooks was here, so was Red."
Images/img342.jpg,stego/lsb_645.jpg,lsb,[SW] A Jedi uses the Force for knowledge and defense.
Images/new_img4757.jpg,stego/lsb_646.jpg,lsb,"[SR] He didn't do it, and I believe him."
Images/new_img6475.jpg,stego/lsb_647.jpg,lsb,[SR] I must admit I didn’t think much of Andy.
Images/new_img6449.jpg,stego/lsb_648.jpg,lsb,[HP] It does not do to dwell on dreams.
Images/newimg207.jpg,stego/lsb_649.jpg,lsb,[SR] I'd hate to deprive you of this.
Images/new_img2775.jpg,stego/lsb_650.jpg,lsb,[SR] The roof of the license-plate factory.
Images/new_img19.jpg,stego/lsb_651.jpg,lsb,[LOTR] And my bow.
Images/new_img158.jpg,stego/lsb_652.jpg,lsb,[AV] I see a suit of armor around the world.
Images/newimg470.jpg,stego/lsb_653.jpg,lsb,"[SR] Let me tell you something, my friend: hope is dangerous."
Images/new_img2835.jpg,stego/lsb_654.jpg,lsb,[AV] I choose to run toward my problems.
Images/new_img4188.jpg,stego/lsb_655.jpg,lsb,[AV] No resurrections this time.
Images/new_img3697.jpg,stego/lsb_656.jpg,lsb,[LOTR] There is always hope.
Images/new_img538.jpg,stego/lsb_657.jpg,lsb,"[HP] Have a biscuit, Potter."
Images/new_img584.jpg,stego/lsb_658.jpg,lsb,"[SR] Let me tell you something, my friend: hope is dangerous."
Images/new_img5276.jpg,stego/lsb_659.jpg,lsb,[HP] Don’t let the muggles get you down.
Images/new_img5734.jpg,stego/lsb_660.jpg,lsb,"[SW] Help me, Obi-Wan Kenobi. You're my only hope."
Images/new_img2611.jpg,stego/lsb_661.jpg,lsb,[AV] Language!
Images/new_img6347.jpg,stego/lsb_662.jpg,lsb,[LOTR] The world is changed. I feel it in the water.
Images/new_img5619.jpg,stego/lsb_663.jpg,lsb,"[SW] Great shot, kid! That was one in a million!"
Images/newimg37.jpg,stego/lsb_664.jpg,lsb,"[LOTR] We swears, to serve the master of the Precious."
Images/new_img1111.jpg,stego/lsb_665.jpg,lsb,[SW] Do or do not. There is no try.
Images/img398.jpg,stego/lsb_666.jpg,lsb,[HP] Let us hope that Mr. Potter will always be around.
Images/new_img6505.jpg,stego/lsb_667.jpg,lsb,[SW] May the Force be with you.
Images/img578.jpg,stego/lsb_668.jpg,lsb,[SW] I love you. I know.
Images/img106.jpg,stego/lsb_669.jpg,lsb,[AV] No resurrections this time.
Images/new_img3000.jpg,stego/lsb_670.jpg,lsb,[AV] I’m a huge fan of the way you lose control.
Images/new_img5155.jpg,stego/lsb_671.jpg,lsb,[SW] This party’s over.
Images/newimg16.jpg,stego/lsb_672.jpg,lsb,"[LOTR] There’s some good in this world, Mr. Frodo."
Images/new_img1245.jpg,stego/lsb_673.jpg,lsb,[AV] Part of the journey is the end.
Images/new_img5667.jpg,stego/lsb_674.jpg,lsb,[SW] This party’s over.
Images/newimg533.jpg,stego/lsb_675.jpg,lsb,[AV] Puny god.
Images/new_img2048.jpg,stego/lsb_676.jpg,lsb,"[LOTR] Let him go, you filth!"
Images/new_img1047.jpg,stego/lsb_677.jpg,lsb,[SW] I've got a bad feeling about this.
Images/new_img6011.jpg,stego/lsb_678.jpg,lsb,[SW] Never tell me the odds.
Images/img613.jpg,stego/lsb_679.jpg,lsb,[SR] I'd hate to deprive you of this.
Images/new_img6471.jpg,stego/lsb_680.jpg,lsb,[LOTR] There is no curse in Elvish for this treachery.
Images/new_img3300.jpg,stego/lsb_681.jpg,lsb,[HP] Every human life is worth the same.
Images/new_img3428.jpg,stego/lsb_682.jpg,lsb,[HP] I’m going to bed before either of you come up with another idea.
Images/new_img6648.jpg,stego/lsb_683.jpg,lsb,[AV] You’re out of time.
Images/img655.jpg,stego/lsb_684.jpg,lsb,[LOTR] War will make corpses of us all.
Images/newimg320.jpg,stego/lsb_685.jpg,lsb,[SW] There is another Skywalker.
Images/new_img6806.jpg,stego/lsb_686.jpg,lsb,[SW] Stay on target!
Images/new_img853.jpg,stego/lsb_687.jpg,lsb,[LOTR] Do not trouble yourself with my problems.
Images/new_img4797.jpg,stego/lsb_688.jpg,lsb,[AV] I understood that reference.
Images/newimg1253.jpg,stego/lsb_689.jpg,lsb,[HP] He will only be gone from the school when none here are loyal to him.
Images/new_img6083.jpg,stego/lsb_690.jpg,lsb,[SW] I thought they smelled bad on the outside!
Images/new_img5978.jpg,stego/lsb_691.jpg,lsb,[SR] I don’t suppose it would help any if I explained again.
Images/new_img4779.jpg,stego/lsb_692.jpg,lsb,[LOTR] That’s what I meant: perilous.
Images/new_img3770.jpg,stego/lsb_693.jpg,lsb,[SW] I sense a trap.
Images/new_img6965.jpg,stego/lsb_694.jpg,lsb,[HP] I solemnly swear I am up to no good.
Images/new_img5829.jpg,stego/lsb_695.jpg,lsb,[SW] I placed vital info in this R2 unit.
Images/new_img2504.jpg,stego/lsb_696.jpg,lsb,[SW] You underestimate my power!
Images/new_img1787.jpg,stego/lsb_697.jpg,lsb,"[HP] Training for the ballet, Potter?"
Images/new_img3524.jpg,stego/lsb_698.jpg,lsb,[LOTR] Do not trouble yourself with my problems.
Images/new_img2663.jpg,stego/lsb_699.jpg,lsb,"[SR] The library, pure as a soap opera."
Images/new_img2010.jpg,stego/lsb_700.jpg,lsb,[SR] I have no idea to this day what those two Italian ladies were singing about.
Images/new_img384.jpg,stego/lsb_701.jpg,lsb,[AV] I see a suit of armor around the world.
Images/newimg569.jpg,stego/lsb_702.jpg,lsb,[AV] I’m with you till the end of the line.
Images/img3.jpg,stego/lsb_703.jpg,lsb,[SR] They can’t touch the music.
Images/new_img6600.jpg,stego/lsb_704.jpg,lsb,[AV] I’m not looking for forgiveness.
Images/new_img4924.jpg,stego/lsb_705.jpg,lsb,[HP] Dobby never meant to kill. Only maim or seriously injure.
Images/newimg746.jpg,stego/lsb_706.jpg,lsb,[AV] On your left.
Images/new_img5210.jpg,stego/lsb_707.jpg,lsb,[AV] We work with what we got.
Images/newimg1152.jpg,stego/lsb_708.jpg,lsb,"[HP] If you have to ask, you’ll never know."
Images/new_img232.jpg,stego/lsb_709.jpg,lsb,"[AV] I’m made of rocks, as you can see."
Images/new_img5471.jpg,stego/lsb_710.jpg,lsb,[LOTR] One ring to rule them all.
Images/new_img3969.jpg,stego/lsb_711.jpg,lsb,[AV] I am Iron Man.
Images/new_img4162.jpg,stego/lsb_712.jpg,lsb,[AV] Nothing lasts forever.
Images/img324.jpg,stego/lsb_713.jpg,lsb,[HP] Every human life is worth the same.
Images/new_img1209.jpg,stego/lsb_714.jpg,lsb,"[LOTR] I will take the Ring, though I do not know the way."
Images/new_img4213.jpg,stego/lsb_715.jpg,lsb,[AV] I’m just a kid from Brooklyn.
Images/new_img2498.jpg,stego/lsb_716.jpg,lsb,"[SR] Andy Dufresne, who crawled through a river of filth."
Images/new_img1902.jpg,stego/lsb_717.jpg,lsb,[AV] You’re not the guy to make the sacrifice play.
Images/new_img3052.jpg,stego/lsb_718.jpg,lsb,[SW] I thought they smelled bad on the outside!
Images/new_img1817.jpg,stego/lsb_719.jpg,lsb,[HP] Time is making fools of us again.
Images/new_img3731.jpg,stego/lsb_720.jpg,lsb,"[AV] In my culture, death is not the end."
Images/new_img87.jpg,stego/lsb_721.jpg,lsb,[SW] Hello there.
Images/new_img1023.jpg,stego/lsb_722.jpg,lsb,[HP] It’s our choices that show what we truly are.
Images/new_img2156.jpg,stego/lsb_723.jpg,lsb,[SR] You strike me as a particularly icy and remorseless man.
Images/new_img1077.jpg,stego/lsb_724.jpg,lsb,[HP] I solemnly swear that I am up to no good.
Images/new_img4348.jpg,stego/lsb_725.jpg,lsb,[LOTR] It’s the deep breath before the plunge.
Images/new_img2085.jpg,stego/lsb_726.jpg,lsb,[SW] I hate sand. It’s coarse and rough.
Images/new_img96.jpg,stego/lsb_727.jpg,lsb,[HP] Of course it’s happening inside your head.
Images/new_img601.jpg,stego/lsb_728.jpg,lsb,"[HP] Yer a wizard, Harry. (Yes, again!)"
Images/newimg119.jpg,stego/lsb_729.jpg,lsb,"[SR] Some places are like that, though: big old bones."
Images/new_img6247.jpg,stego/lsb_730.jpg,lsb,[AV] Whatever it takes.
Images/new_img3670.jpg,stego/lsb_731.jpg,lsb,[HP] Happiness can be found even in the darkest of times.
Images/new_img5531.jpg,stego/lsb_732.jpg,lsb,[SW] This party’s over.
Images/new_img2271.jpg,stego/lsb_733.jpg,lsb,[LOTR] Gondor calls for aid!
Images/new_img3564.jpg,stego/lsb_734.jpg,lsb,"[AV] Dread it, run from it, destiny arrives all the same."
Images/new_img3045.jpg,stego/lsb_735.jpg,lsb,[AV] That’s America’s ass.
Images/new_img4682.jpg,stego/lsb_736.jpg,lsb,[LOTR] The age of men is over. The time of the Orc has come.
Images/new_img6181.jpg,stego/lsb_737.jpg,lsb,[AV] It’s not about how much we lost.
Images/new_img5380.jpg,stego/lsb_738.jpg,lsb,"[SR] Remember, Red, hope is a good thing."
Images/new_img4873.jpg,stego/lsb_739.jpg,lsb,[AV] No resurrections this time.
Images/new_img5668.jpg,stego/lsb_740.jpg,lsb,"[SR] He fought the good fight, and the sisters never laid a finger on him again."
Images/newimg990.jpg,stego/lsb_741.jpg,lsb,"[LOTR] We swears, to serve the master of the Precious."
Images/new_img2426.jpg,stego/lsb_742.jpg,lsb,[SW] I can bring you in warm or cold.
Images/new_img1058.jpg,stego/lsb_743.jpg,lsb,[AV] Part of the journey is the end.
Images/new_img1132.jpg,stego/lsb_744.jpg,lsb,[AV] You should have aimed for the head.
Images/new_img1956.jpg,stego/lsb_745.jpg,lsb,"[AV] Dread it, run from it, destiny arrives all the same."
Images/new_img6174.jpg,stego/lsb_746.jpg,lsb,[HP] Dobby is free.
Images/new_img2281.jpg,stego/lsb_747.jpg,lsb,[HP] Don’t let the muggles get you down.
Images/new_img679.jpg,stego/lsb_748.jpg,lsb,[SR] Forty years I been asking permission to pee.
Images/new_img6624.jpg,stego/lsb_749.jpg,lsb,[LOTR] A wizard is never late.
Images/new_img495.jpg,stego/lsb_750.jpg,lsb,"[HP] Every time I try to help, people get hurt."
Images/new_img6016.jpg,stego/lsb_751.jpg,lsb,[SW] Rebellions are built on hope.
Images/newimg416.jpg,stego/lsb_752.jpg,lsb,"[HP] Every time I try to help, people get hurt."
Images/new_img2638.jpg,stego/lsb_753.jpg,lsb,[HP] But it takes even more to stand up to our friends.
Images/newimg222.jpg,stego/lsb_754.jpg,lsb,[SW] I thought they smelled bad on the outside!
Images/new_img3106.jpg,stego/lsb_755.jpg,lsb,[HP] We’ve all got both light and dark inside us.
Images/new_img4774.jpg,stego/lsb_756.jpg,lsb,[AV] It’s not a great plan.
Images/img224.jpg,stego/lsb_757.jpg,lsb,[LOTR] The Eye of the enemy is moving.
Images/new_img1080.jpg,stego/lsb_758.jpg,lsb,[HP] Always the tone of surprise.
Images/newimg363.jpg,stego/lsb_759.jpg,lsb,"[SW] I’m just a simple man, trying to make my way."
Images/new_img4145.jpg,stego/lsb_760.jpg,lsb,[LOTR] I will not say do not weep.
Images/new_img3917.jpg,stego/lsb_761.jpg,lsb,[HP] Dobby never meant to kill. Only maim or seriously injure.
Images/new_img5202.jpg,stego/lsb_762.jpg,lsb,"[SW] Judge me by my size, do you?"
Images/new_img1107.jpg,stego/lsb_763.jpg,lsb,[LOTR] I’m going on an adventure!
Images/new_img5152.jpg,stego/lsb_764.jpg,lsb,[AV] Language!
Images/newimg1237.jpg,stego/lsb_765.jpg,lsb,[LOTR] I will not say do not weep.
Images/new_img3759.jpg,stego/lsb_766.jpg,lsb,[HP] Every human life is worth the same.
Images/new_img5650.jpg,stego/lsb_767.jpg,lsb,"[SR] In prison, a man will do almost anything to keep his mind occupied."
Images/new_img2697.jpg,stego/lsb_768.jpg,lsb,[LOTR] There's some good in this world.
Images/img485.jpg,stego/lsb_769.jpg,lsb,[AV] If you’re nothing without the suit...
Images/newimg898.jpg,stego/lsb_770.jpg,lsb,[HP] Wands are only as powerful as the wizards who use them.
Images/newimg481.jpg,stego/lsb_771.jpg,lsb,[HP] Time is making fools of us again.
Images/newimg505.jpg,stego/lsb_772.jpg,lsb,[LOTR] There is no curse in Elvish for this treachery.
Images/new_img3876.jpg,stego/lsb_773.jpg,lsb,"[HP] Every time I try to help, people get hurt."
Images/newimg1083.jpg,stego/lsb_774.jpg,lsb,[LOTR] I am no man!
Images/new_img3893.jpg,stego/lsb_775.jpg,lsb,[AV] You should have aimed for the head.
Images/new_img5284.jpg,stego/lsb_776.jpg,lsb,[AV] I’m not looking for forgiveness.
Images/new_img2188.jpg,stego/lsb_777.jpg,lsb,[AV] I’m not looking for forgiveness.
Images/new_img4519.jpg,stego/lsb_778.jpg,lsb,[AV] Is that the best you can do?
Images/new_img868.jpg,stego/lsb_779.jpg,lsb,[HP] I want to commit the murder I was imprisoned for.
Images/newimg944.jpg,stego/lsb_780.jpg,lsb,[HP] Numbing the pain for a while will make it worse when you finally feel it.
Images/new_img178.jpg,stego/lsb_781.jpg,lsb,[HP] The Chamber of Secrets has been opened.
Images/new_img6626.jpg,stego/lsb_782.jpg,lsb,[LOTR] War will make corpses of us all.
Images/new_img5717.jpg,stego/lsb_783.jpg,lsb,"[LOTR] It's a dangerous business, Frodo, going out your door."
Images/new_img536.jpg,stego/lsb_784.jpg,lsb,[SW] He’s more machine now than man.
Images/new_img894.jpg,stego/lsb_785.jpg,lsb,[SW] I'm one with the Force. The Force is with me.
Images/new_img3374.jpg,stego/lsb_786.jpg,lsb,[LOTR] If more of us valued food and cheer above hoarded gold...
Images/new_img5154.jpg,stego/lsb_787.jpg,lsb,[AV] You’re out of time.
Images/new_img5165.jpg,stego/lsb_788.jpg,lsb,[LOTR] A day may come when the courage of men fails.
Images/new_img3485.jpg,stego/lsb_789.jpg,lsb,[LOTR] A steward's only duty is to his people.
Images/new_img4296.jpg,stego/lsb_790.jpg,lsb,[SR] They’re just too bright.
Images/newimg139.jpg,stego/lsb_791.jpg,lsb,[SR] The roof of the license-plate factory.
Images/new_img2796.jpg,stego/lsb_792.jpg,lsb,"[SR] Same old stuff, different day."
Images/img564.jpg,stego/lsb_793.jpg,lsb,"[SW] Chewie, we’re home."
Images/new_img1017.jpg,stego/lsb_794.jpg,lsb,"[HP] Yer a wizard, Harry."
Images/new_img4003.jpg,stego/lsb_795.jpg,lsb,[HP] Books! And cleverness!
Images/new_img3959.jpg,stego/lsb_796.jpg,lsb,[AV] A friend of mine once said...
Images/new_img2804.jpg,stego/lsb_797.jpg,lsb,[SR] You eat when we say you eat.
Images/new_img812.jpg,stego/lsb_798.jpg,lsb,[AV] Part of the journey is the end.
Images/new_img4127.jpg,stego/lsb_799.jpg,lsb,[SW] Stay on target!
Images/new_img4326.jpg,stego/lsb_800.jpg,lsb,[SR] This is a tall drink of water named Andy Dufresne.
Images/img122.jpg,stego/lsb_801.jpg,lsb,"[HP] It matters not what someone is born, but what they grow to be."
Images/new_img5058.jpg,stego/lsb_802.jpg,lsb,"[SR] They send you here for life, and that’s exactly what they take."
Images/new_img2645.jpg,stego/lsb_803.jpg,lsb,[SW] I have spoken.
Images/newimg1286.jpg,stego/lsb_804.jpg,lsb,[SW] I've got a bad feeling about this.
Images/new_img2855.jpg,stego/lsb_805.jpg,lsb,[HP] I’ll join you when hell freezes over.
Images/new_img5867.jpg,stego/lsb_806.jpg,lsb,"[AV] This isn’t a team, it’s a time bomb."
Images/new_img6195.jpg,stego/lsb_807.jpg,lsb,[SW] I am your father.
Images/newimg1260.jpg,stego/lsb_808.jpg,lsb,"[HP] If you have to ask, you’ll never know."
Images/new_img421.jpg,stego/lsb_809.jpg,lsb,"[AV] I can’t control their fear, only mine."
Images/new_img4845.jpg,stego/lsb_810.jpg,lsb,[LOTR] The age of men is over. The time of the Orc has come.
Images/new_img1348.jpg,stego/lsb_811.jpg,lsb,[HP] Numbing the pain for a while will make it worse when you finally feel it.
Images/newimg146.jpg,stego/lsb_812.jpg,lsb,[SW] I have the high ground!
Images/new_img1435.jpg,stego/lsb_813.jpg,lsb,[LOTR] Release the river!
Images/new_img6688.jpg,stego/lsb_814.jpg,lsb,[SR] Salvation lies within.
Images/new_img3709.jpg,stego/lsb_815.jpg,lsb,[HP] Dobby is free.
Images/newimg33.jpg,stego/lsb_816.jpg,lsb,[SW] I see through the lies of the Jedi.
Images/new_img1622.jpg,stego/lsb_817.jpg,lsb,[HP] Wands are only as powerful as the wizards who use them.
Images/new_img5656.jpg,stego/lsb_818.jpg,lsb,[SW] I am your father.
Images/newimg862.jpg,stego/lsb_819.jpg,lsb,[LOTR] I am no man!
Images/new_img5287.jpg,stego/lsb_820.jpg,lsb,"[SR] They send you here for life, and that’s exactly what they take."
Images/new_img4981.jpg,stego/lsb_821.jpg,lsb,[HP] After all this time? Always.
Images/new_img6826.jpg,stego/lsb_822.jpg,lsb,[LOTR] Even darkness must pass.
Images/img204.jpg,stego/lsb_823.jpg,lsb,[AV] We have a Hulk.
Images/new_img5604.jpg,stego/lsb_824.jpg,lsb,[AV] I am inevitable.
Images/new_img83.jpg,stego/lsb_825.jpg,lsb,[AV] We’re in the endgame now.
Images/newimg357.jpg,stego/lsb_826.jpg,lsb,[SW] Your eyes can deceive you; don’t trust them.
Images/newimg224.jpg,stego/lsb_827.jpg,lsb,"[AV] Genius, billionaire, playboy, philanthropist."
Images/new_img2175.jpg,stego/lsb_828.jpg,lsb,[AV] I see a suit of armor around the world.
Images/newimg72.jpg,stego/lsb_829.jpg,lsb,[HP] The ones that love us never really leave us.
Images/new_img6478.jpg,stego/lsb_830.jpg,lsb,[SW] I thought they smelled bad on the outside!
Images/new_img6634.jpg,stego/lsb_831.jpg,lsb,"[HP] Words are, in my not-so-humble opinion, our most inexhaustible source of magic."
Images/newimg1225.jpg,stego/lsb_832.jpg,lsb,"[HP] Let us step into the night and pursue that flighty temptress, adventure."
Images/new_img1032.jpg,stego/lsb_833.jpg,lsb,[SR] I'd like to think the last thing that went through his head.
Images/new_img4961.jpg,stego/lsb_834.jpg,lsb,"[SR] Bad luck, I guess. It floats around."
Images/new_img6070.jpg,stego/lsb_835.jpg,lsb,"[SR] That’s it, step aside, Mert."
Images/new_img6587.jpg,stego/lsb_836.jpg,lsb,"[SR] Same old stuff, different day."
Images/newimg1194.jpg,stego/lsb_837.jpg,lsb,[AV] That’s America’s ass.
Images/new_img2002.jpg,stego/lsb_838.jpg,lsb,[AV] Gotta move on. We gotta move on.
Images/new_img4928.jpg,stego/lsb_839.jpg,lsb,[SR] I guess I just miss my friend.
Images/new_img5600.jpg,stego/lsb_840.jpg,lsb,[SW] I am your father.
Images/new_img1679.jpg,stego/lsb_841.jpg,lsb,[SW] These aren’t the droids you’re looking for.
Images/new_img4954.jpg,stego/lsb_842.jpg,lsb,[SW] Somebody has to save our skins.
Images/new_img2483.jpg,stego/lsb_843.jpg,lsb,[AV] It’s not a great plan.
Images/new_img142.jpg,stego/lsb_844.jpg,lsb,[AV] I am Iron Man.
Images/newimg1009.jpg,stego/lsb_845.jpg,lsb,[LOTR] Your time will come. You will face the same Evil.
Images/new_img6306.jpg,stego/lsb_846.jpg,lsb,[HP] I solemnly swear that I am up to no good.
Images/new_img5353.jpg,stego/lsb_847.jpg,lsb,[SW] There is another Skywalker.
Images/newimg117.jpg,stego/lsb_848.jpg,lsb,[LOTR] I will not say do not weep.
Images/new_img3137.jpg,stego/lsb_849.jpg,lsb,[AV] I prefer the weapon you only have to fire once.
Images/new_img6616.jpg,stego/lsb_850.jpg,lsb,"[AV] Genius, billionaire, playboy, philanthropist."
Images/img600.jpg,stego/lsb_851.jpg,lsb,"[HP] Have a biscuit, Potter."
Images/newimg1203.jpg,stego/lsb_852.jpg,lsb,"[LOTR] It’s not natural, none of it."
Images/img429.jpg,stego/lsb_853.jpg,lsb,[SR] Andy crawled to freedom.
Images/new_img215.jpg,stego/lsb_854.jpg,lsb,"[SR] Terrible thing, to live in fear."
Images/newimg616.jpg,stego/lsb_855.jpg,lsb,[AV] Get this man a shield.
Images/new_img2664.jpg,stego/lsb_856.jpg,lsb,[LOTR] Even darkness must pass.
Images/new_img6785.jpg,stego/lsb_857.jpg,lsb,[SW] I love you. I know.
Images/new_img484.jpg,stego/lsb_858.jpg,lsb,"[HP] Once again, you’ve put your keen mind to the task."
Images/new_img1689.jpg,stego/lsb_859.jpg,lsb,[LOTR] Men of Gondor! Of Rohan! My brothers!
Images/newimg75.jpg,stego/lsb_860.jpg,lsb,[LOTR] That’s what I meant: perilous.
Images/new_img3086.jpg,stego/lsb_861.jpg,lsb,[LOTR] There is always hope.
Images/new_img6126.jpg,stego/lsb_862.jpg,lsb,[SW] I am all the Sith!
Images/new_img3150.jpg,stego/lsb_863.jpg,lsb,[AV] I’m a huge fan of the way you lose control.
Images/img31.jpg,stego/lsb_864.jpg,lsb,[LOTR] You have my sword.
Images/img675.jpg,stego/lsb_865.jpg,lsb,[AV] Fine. I’ll do it myself.
Images/newimg1.jpg,stego/lsb_866.jpg,lsb,[HP] I solemnly swear that I am up to no good.
Images/new_img5746.jpg,stego/lsb_867.jpg,lsb,[LOTR] I’d rather be dead than see my kin bow to Sauron.
Images/new_img6914.jpg,stego/lsb_868.jpg,lsb,[SR] I guess I just miss my friend.
Images/new_img4729.jpg,stego/lsb_869.jpg,lsb,"[SR] I didn’t pull the trigger, but I drove her away."
Images/img579.jpg,stego/lsb_870.jpg,lsb,"[SR] He didn't do it, and I believe him."
Images/new_img6497.jpg,stego/lsb_871.jpg,lsb,[SR] Salvation lies within.
Images/new_img842.jpg,stego/lsb_872.jpg,lsb,[SW] Stay on target!
Images/new_img578.jpg,stego/lsb_873.jpg,lsb,[SR] Hope is a dangerous thing. Drive a man insane.
Images/new_img5666.jpg,stego/lsb_874.jpg,lsb,[SR] There's a harsh truth to face.
Images/new_img6367.jpg,stego/lsb_875.jpg,lsb,[SW] I can bring you in warm or cold.
Images/newimg384.jpg,stego/lsb_876.jpg,lsb,"[SR] Sometimes it makes me sad, though."
Images/new_img3535.jpg,stego/lsb_877.jpg,lsb,[SW] I’ve got a bad feeling about this.
Images/new_img2390.jpg,stego/lsb_878.jpg,lsb,[AV] Part of the journey is the end.
Images/new_img3172.jpg,stego/lsb_879.jpg,lsb,[SW] This is the way.
Images/new_img3070.jpg,stego/lsb_880.jpg,lsb,[AV] We’re in the endgame now.
Images/new_img4988.jpg,stego/lsb_881.jpg,lsb,[SR] Forty years I been asking permission to pee.
Images/new_img6178.jpg,stego/lsb_882.jpg,lsb,[HP] Dobby never meant to kill. Only maim or seriously injure.
Images/new_img6798.jpg,stego/lsb_883.jpg,lsb,[SR] There’s something inside that they can’t get to.
Images/new_img372.jpg,stego/lsb_884.jpg,lsb,"[SW] The greatest teacher, failure is."
Images/newimg667.jpg,stego/lsb_885.jpg,lsb,[HP] I’m going to bed before either of you come up with another idea.
Images/new_img4338.jpg,stego/lsb_886.jpg,lsb,"[AV] It’s an oversimplification of events, but yes."
Images/new_img5280.jpg,stego/lsb_887.jpg,lsb,[SR] You eat when we say you eat.
Images/new_img917.jpg,stego/lsb_888.jpg,lsb,[AV] We create our own demons.
Images/newimg1140.jpg,stego/lsb_889.jpg,lsb,"[SR] Let me tell you something, my friend: hope is dangerous."
Images/img45.jpg,stego/lsb_890.jpg,lsb,"[SR] Sometimes it makes me sad, though."
Images/new_img2001.jpg,stego/lsb_891.jpg,lsb,"[HP] If you’re holding out for universal popularity, you’ll be in this cabin a long time."
Images/newimg1188.jpg,stego/lsb_892.jpg,lsb,[AV] I’ll do you one better: why is Gamora?
Images/new_img452.jpg,stego/lsb_893.jpg,lsb,[LOTR] Release the river!
Images/newimg413.jpg,stego/lsb_894.jpg,lsb,[AV] This is my burden to bear.
Images/newimg800.jpg,stego/lsb_895.jpg,lsb,"[HP] Working hard is important, but there is something that matters even more."
Images/new_img1259.jpg,stego/lsb_896.jpg,lsb,"[AV] It’s an oversimplification of events, but yes."
Images/new_img3645.jpg,stego/lsb_897.jpg,lsb,[AV] He’s a friend from work!
Images/new_img6883.jpg,stego/lsb_898.jpg,lsb,[SW] These aren’t the droids you’re looking for.
Images/newimg913.jpg,stego/lsb_899.jpg,lsb,[SR] I hope I can make it across the border.
Images/new_img1326.jpg,stego/lsb_900.jpg,lsb,"[LOTR] Certainty of death, small chance of success."
Images/newimg1088.jpg,stego/lsb_901.jpg,lsb,"[SW] Help me, Obi-Wan Kenobi. You're my only hope."
Images/new_img6351.jpg,stego/lsb_902.jpg,lsb,[LOTR] War will make corpses of us all.
Images/img596.jpg,stego/lsb_903.jpg,lsb,[SR] I guess it comes down to a simple choice.
Images/new_img6144.jpg,stego/lsb_904.jpg,lsb,[SR] Maybe it’s because I’m Irish.
Images/new_img2150.jpg,stego/lsb_905.jpg,lsb,[SR] I guess it comes down to a simple choice.
Images/newimg853.jpg,stego/lsb_906.jpg,lsb,[AV] Get this man a shield.
Images/newimg963.jpg,stego/lsb_907.jpg,lsb,[SW] The Force will be with you. Always.
Images/new_img6113.jpg,stego/lsb_908.jpg,lsb,[AV] If you’re nothing without the suit...
Images/new_img3916.jpg,stego/lsb_909.jpg,lsb,[SW] Women always figure out the truth.
Images/new_img2523.jpg,stego/lsb_910.jpg,lsb,"[SR] The bars slam home, that’s when you know it’s for real."
Images/new_img4440.jpg,stego/lsb_911.jpg,lsb,"[HP] It’s LeviOsa, not LevioSA!"
Images/new_img983.jpg,stego/lsb_912.jpg,lsb,"[SW] Always two there are, no more, no less."
Images/new_img3630.jpg,stego/lsb_913.jpg,lsb,[LOTR] Not all those who wander are lost.
Images/new_img2025.jpg,stego/lsb_914.jpg,lsb,[HP] I solemnly swear that I am up to no good.
Images/new_img1942.jpg,stego/lsb_915.jpg,lsb,[AV] We’re the guardians of the galaxy.
Images/new_img2494.jpg,stego/lsb_916.jpg,lsb,[HP] Just because you have the emotional range of a teaspoon.
Images/new_img4212.jpg,stego/lsb_917.jpg,lsb,[SW] These aren’t the droids you’re looking for.
Images/new_img763.jpg,stego/lsb_918.jpg,lsb,[HP] This is beyond anything I imagined.
Images/newimg38.jpg,stego/lsb_919.jpg,lsb,"[SR] Remember, Red, hope is a good thing."
Images/new_img2729.jpg,stego/lsb_920.jpg,lsb,[SR] Hope can set you free.
Images/newimg303.jpg,stego/lsb_921.jpg,lsb,[SR] Maybe it’s because I’m Irish.
Images/new_img32.jpg,stego/lsb_922.jpg,lsb,[SR] I don’t suppose it would help any if I explained again.
Images/new_img356.jpg,stego/lsb_923.jpg,lsb,[LOTR] A day may come when the courage of men fails.
Images/new_img5628.jpg,stego/lsb_924.jpg,lsb,"[SR] Sometimes it makes me sad, though."
Images/new_img6107.jpg,stego/lsb_925.jpg,lsb,[AV] I’m not looking for forgiveness.
Images/new_img1896.jpg,stego/lsb_926.jpg,lsb,"[HP] If you have to ask, you’ll never know."
Images/new_img1990.jpg,stego/lsb_927.jpg,lsb,[LOTR] Not all those who wander are lost.
Images/new_img3307.jpg,stego/lsb_928.jpg,lsb,[SR] A man’s got to have something to keep him sane.
Images/new_img5019.jpg,stego/lsb_929.jpg,lsb,[SR] That’s the best part of me left in me.
Images/new_img2193.jpg,stego/lsb_930.jpg,lsb,[SW] I have spoken.
Images/new_img1838.jpg,stego/lsb_931.jpg,lsb,[HP] We’ve all got both light and dark inside us.
Images/new_img6588.jpg,stego/lsb_932.jpg,lsb,"[SR] The library, pure as a soap opera."
Images/new_img2526.jpg,stego/lsb_933.jpg,lsb,"[LOTR] I will take the Ring, though I do not know the way."
Images/newimg894.jpg,stego/lsb_934.jpg,lsb,[AV] It’s not about how much we lost.
Images/new_img18.jpg,stego/lsb_935.jpg,lsb,[SW] He’s no good to me dead.
Images/newimg835.jpg,stego/lsb_936.jpg,lsb,[AV] Part of the journey is the end.
Images/new_img4790.jpg,stego/lsb_937.jpg,lsb,[AV] You’re not the guy to make the sacrifice play.
Images/img313.jpg,stego/lsb_938.jpg,lsb,[SW] Never tell me the odds!
Images/new_img4251.jpg,stego/lsb_939.jpg,lsb,[AV] If you’re nothing without the suit...
Images/new_img5741.jpg,stego/lsb_940.jpg,lsb,"[HP] It’s LeviOsa, not LevioSA!"
Images/new_img3715.jpg,stego/lsb_941.jpg,lsb,[LOTR] You shall not pass!
Images/newimg135.jpg,stego/lsb_942.jpg,lsb,[LOTR] There is always hope.
Images/new_img5337.jpg,stego/lsb_943.jpg,lsb,[LOTR] Release the river!
Images/new_img4229.jpg,stego/lsb_944.jpg,lsb,[SR] How could you be so obtuse?
Images/new_img1235.jpg,stego/lsb_945.jpg,lsb,"[HP] Don’t pity the dead, Harry. Pity the living."
Images/newimg239.jpg,stego/lsb_946.jpg,lsb,"[SW] Judge me by my size, do you?"
Images/new_img2473.jpg,stego/lsb_947.jpg,lsb,[HP] Dark and difficult times lie ahead.
Images/new_img2177.jpg,stego/lsb_948.jpg,lsb,"[SW] Great shot, kid! That was one in a million!"
Images/new_img115.jpg,stego/lsb_949.jpg,lsb,"[SR] I didn’t pull the trigger, but I drove her away."
Images/new_img901.jpg,stego/lsb_950.jpg,lsb,[SW] Let the Wookiee win.
Images/new_img3238.jpg,stego/lsb_951.jpg,lsb,[LOTR] You bow to no one.
Images/new_img1755.jpg,stego/lsb_952.jpg,lsb,[HP] Don’t let the muggles get you down.
Images/new_img3556.jpg,stego/lsb_953.jpg,lsb,[AV] It’s not about how much we lost.
Images/img515.jpg,stego/lsb_954.jpg,lsb,[AV] Wakanda forever!
Images/new_img2274.jpg,stego/lsb_955.jpg,lsb,[LOTR] You shall be the Fellowship of the Ring.
Images/new_img824.jpg,stego/lsb_956.jpg,lsb,"[HP] It’s LeviOsa, not LevioSA!"
Images/new_img831.jpg,stego/lsb_957.jpg,lsb,[SR] I hope I can make it across the border.
Images/newimg779.jpg,stego/lsb_958.jpg,lsb,[HP] After all this time? Always.
Images/new_img5433.jpg,stego/lsb_959.jpg,lsb,[HP] This is beyond anything I imagined.
Images/new_img4301.jpg,stego/lsb_960.jpg,lsb,[LOTR] One ring to rule them all.
Images/new_img6934.jpg,stego/lsb_961.jpg,lsb,[HP] The ones that love us never really leave us.
Images/new_img4536.jpg,stego/lsb_962.jpg,lsb,[HP] Let us hope that Mr. Potter will always be around.
Images/img532.jpg,stego/lsb_963.jpg,lsb,[SW] May the Force be with you.
Images/new_img4142.jpg,stego/lsb_964.jpg,lsb,[SR] I had Mr. Mozart to keep me company.
Images/new_img1912.jpg,stego/lsb_965.jpg,lsb,[SW] Aren’t you a little short for a stormtrooper?
Images/new_img2648.jpg,stego/lsb_966.jpg,lsb,[HP] Dobby never meant to kill. Only maim or seriously injure.
Images/newimg540.jpg,stego/lsb_967.jpg,lsb,[SR] I guess it comes down to a simple choice.
Images/new_img5256.jpg,stego/lsb_968.jpg,lsb,"[SR] Andy Dufresne, who crawled through a river of filth."
Images/new_img4903.jpg,stego/lsb_969.jpg,lsb,[LOTR] You shall not pass!
Images/new_img5018.jpg,stego/lsb_970.jpg,lsb,"[SR] The bars slam home, that’s when you know it’s for real."
Images/new_img1887.jpg,stego/lsb_971.jpg,lsb,"[HP] Fawkes is a phoenix, Harry."
Images/new_img6519.jpg,stego/lsb_972.jpg,lsb,[LOTR] There is no curse in Elvish for this treachery.
Images/new_img1289.jpg,stego/lsb_973.jpg,lsb,[LOTR] You bow to no one.
Images/newimg531.jpg,stego/lsb_974.jpg,lsb,[SW] This is the way.
Images/new_img5827.jpg,stego/lsb_975.jpg,lsb,[HP] This is beyond anything I imagined.
Images/new_img2969.jpg,stego/lsb_976.jpg,lsb,[AV] I am Iron Man.
Images/new_img1827.jpg,stego/lsb_977.jpg,lsb,[AV] If you’re nothing without the suit...
Images/newimg1206.jpg,stego/lsb_978.jpg,lsb,[AV] We are in the Endgame now.
Images/new_img3270.jpg,stego/lsb_979.jpg,lsb,[LOTR] War will make corpses of us all.
Images/new_img5592.jpg,stego/lsb_980.jpg,lsb,[SW] The Force is not about lifting rocks.
Images/new_img6198.jpg,stego/lsb_981.jpg,lsb,[HP] It’s not a question of can or can’t.
Images/new_img2861.jpg,stego/lsb_982.jpg,lsb,[SR] Andy crawled to freedom.
Images/img91.jpg,stego/lsb_983.jpg,lsb,[AV] Fine. I’ll do it myself.
Images/new_img4957.jpg,stego/lsb_984.jpg,lsb,[AV] I am inevitable.
Images/new_img2290.jpg,stego/lsb_985.jpg,lsb,[SW] I've got a bad feeling about this.
Images/new_img4478.jpg,stego/lsb_986.jpg,lsb,[SW] I'm one with the Force. The Force is with me.
Images/new_img6855.jpg,stego/lsb_987.jpg,lsb,"[SR] Sometimes it makes me sad, though."
Images/new_img5973.jpg,stego/lsb_988.jpg,lsb,"[AV] You get hurt, hurt ’em back."
Images/new_img4860.jpg,stego/lsb_989.jpg,lsb,"[SR] They send you here for life, and that’s exactly what they take."
Images/new_img3093.jpg,stego/lsb_990.jpg,lsb,[HP] I solemnly swear I am up to no good.
Images/img255.jpg,stego/lsb_991.jpg,lsb,"[LOTR] There will come a time, but it is not now."
Images/new_img6823.jpg,stego/lsb_992.jpg,lsb,"[LOTR] Certainty of death, small chance of success."
Images/new_img6530.jpg,stego/lsb_993.jpg,lsb,[LOTR] Even darkness must pass.
Images/new_img5985.jpg,stego/lsb_994.jpg,lsb,[AV] Underoos!
Images/new_img2475.jpg,stego/lsb_995.jpg,lsb,[AV] A friend of mine once said...
Images/new_img1643.jpg,stego/lsb_996.jpg,lsb,[HP] This is beyond anything I imagined.
Images/new_img1335.jpg,stego/lsb_997.jpg,lsb,[AV] I prefer the weapon you only have to fire once.
Images/new_img2424.jpg,stego/lsb_998.jpg,lsb,[LOTR] I’m going on an adventure!
Images/new_img2681.jpg,stego/lsb_999.jpg,lsb,[AV] You’re out of time.
Images/img310.jpg,stego/lsb_1000.jpg,lsb,[AV] I love you 3000.
